US Census 2019 Estimated Population Density in Persons Per Square Mile,,
Data Source: U.S. Bureau of the Census( http://census.gov ),,
Tue Apr 07 19:48:22 2020,,
State,Area,Density_persons_per_square_mile
Alabama,Autauga,93.54
Alabama,Baldwin,137.14
Alabama,Barbour,28.11
Alabama,Bibb,35.99
Alabama,Blount,89.70
Alabama,Bullock,16.28
Alabama,Butler,25.33
Alabama,Calhoun,188.62
Alabama,Chambers,56.35
Alabama,Cherokee,47.03
Alabama,Chilton,63.73
Alabama,Choctaw,14.06
Alabama,Clarke,19.31
Alabama,Clay,21.98
Alabama,Cleburne,26.76
Alabama,Coffee,76.45
Alabama,Colbert,92.39
Alabama,Conecuh,14.44
Alabama,Coosa,16.46
Alabama,Covington,35.89
Alabama,Crenshaw,22.70
Alabama,Cullman,113.57
Alabama,Dale,87.25
Alabama,Dallas,39.14
Alabama,DeKalb,91.86
Alabama,Elmore,132.41
Alabama,Escambia,38.88
Alabama,Etowah,191.56
Alabama,Fayette,26.18
Alabama,Franklin,49.47
Alabama,Geneva,45.80
Alabama,Greene,12.72
Alabama,Hale,22.87
Alabama,Henry,30.63
Alabama,Houston,180.60
Alabama,Jackson,47.99
Alabama,Jefferson,593.21
Alabama,Lamar,22.89
Alabama,Lauderdale,138.30
Alabama,Lawrence,47.72
Alabama,Lee,269.84
Alabama,Limestone,171.75
Alabama,Lowndes,13.93
Alabama,Macon,30.29
Alabama,Madison,457.24
Alabama,Marengo,19.52
Alabama,Marion,40.09
Alabama,Marshall,169.85
Alabama,Mobile,336.55
Alabama,Monroe,20.54
Alabama,Montgomery,287.47
Alabama,Morgan,205.47
Alabama,Perry,12.70
Alabama,Pickens,22.62
Alabama,Pike,49.60
Alabama,Randolph,39.14
Alabama,Russell,90.12
Alabama,Shelby,274.65
Alabama,St. Clair,140.43
Alabama,Sumter,14.04
Alabama,Talladega,108.34
Alabama,Tallapoosa,56.52
Alabama,Tuscaloosa,158.16
Alabama,Walker,80.54
Alabama,Washington,15.16
Alabama,Wilcox,11.96
Alabama,Winston,38.60
Alaska,Aleutians East Borough,0.50
Alaska,Aleutians West Census Area,1.30
Alaska,Anchorage Borough,170.81
Alaska,Bethel Census Area,0.45
Alaska,Bristol Bay Borough,1.82
Alaska,Denali Borough,0.16
Alaska,Dillingham Census Area,0.27
Alaska,Fairbanks North Star Borough,13.50
Alaska,Haines Borough,1.06
Alaska,Hoonah-Angoon Census Area,0.33
Alaska,Juneau Borough,11.88
Alaska,Kenai Peninsula Borough,3.65
Alaska,Ketchikan Gateway Borough,2.87
Alaska,Kodiak Island Borough,2.02
Alaska,Kusilvak Census Area,0.49
Alaska,Lake and Peninsula Borough,0.07
Alaska,Matanuska-Susitna Borough,4.35
Alaska,Nome Census Area,0.44
Alaska,North Slope Borough,0.11
Alaska,Northwest Arctic Borough,0.22
Alaska,Petersburg Census Area,1.11
Alaska,Prince of Wales-Hyder Census Area,1.22
Alaska,Prince of Wales-Outer Ketchikan Census Area,0.00
Alaska,Sitka Borough,3.01
Alaska,Skagway Municipality,2.65
Alaska,Skagway-Hoonah-Angoon Census Area,0.00
Alaska,Skagway-Yakutat-Angoon Census Area,0.00
Alaska,Southeast Fairbanks Census Area,0.28
Alaska,Valdez-Cordova Census Area,0.27
Alaska,Wade Hampton Census Area,0.00
Alaska,Wrangell City and Borough,0.98
Alaska,Wrangell-Petersburg Census Area,0.00
Alaska,Yakutat City and Borough,0.08
Alaska,Yukon-Koyukuk Census Area,0.04
Arizona,Apache,6.41
Arizona,Cochise,20.41
Arizona,Coconino,7.67
Arizona,Gila,11.33
Arizona,Graham,8.24
Arizona,Greenlee,5.15
Arizona,La Paz,4.69
Arizona,Maricopa,479.40
Arizona,Mohave,15.72
Arizona,Navajo,11.10
Arizona,Pima,113.08
Arizona,Pinal,83.33
Arizona,Santa Cruz,37.62
Arizona,Yavapai,28.56
Arizona,Yuma,38.47
Arkansas,Arkansas,17.97
Arkansas,Ashley,21.66
Arkansas,Baxter,75.09
Arkansas,Benton,321.51
Arkansas,Boone,63.53
Arkansas,Bradley,16.78
Arkansas,Calhoun,8.40
Arkansas,Carroll,44.79
Arkansas,Chicot,16.19
Arkansas,Clark,25.47
Arkansas,Clay,23.22
Arkansas,Cleburne,45.09
Arkansas,Cleveland,13.41
Arkansas,Columbia,30.73
Arkansas,Conway,37.83
Arkansas,Craighead,153.48
Arkansas,Crawford,106.79
Arkansas,Crittenden,79.20
Arkansas,Cross,27.05
Arkansas,Dallas,10.76
Arkansas,Desha,14.99
Arkansas,Drew,22.13
Arkansas,Faulkner,192.61
Arkansas,Franklin,29.25
Arkansas,Fulton,19.85
Arkansas,Garland,146.33
Arkansas,Grant,28.79
Arkansas,Greene,78.46
Arkansas,Hempstead,29.88
Arkansas,Hot Spring,54.77
Arkansas,Howard,22.67
Arkansas,Independence,49.31
Arkansas,Izard,23.41
Arkansas,Jackson,26.52
Arkansas,Jefferson,78.29
Arkansas,Johnson,40.53
Arkansas,Lafayette,12.65
Arkansas,Lawrence,27.97
Arkansas,Lee,14.91
Arkansas,Lincoln,23.83
Arkansas,Little River,23.16
Arkansas,Logan,30.69
Arkansas,Lonoke,95.49
Arkansas,Madison,19.76
Arkansas,Marion,28.01
Arkansas,Miller,69.67
Arkansas,Mississippi,45.79
Arkansas,Monroe,11.36
Arkansas,Montgomery,11.44
Arkansas,Nevada,13.48
Arkansas,Newton,9.51
Arkansas,Ouachita,32.21
Arkansas,Perry,18.77
Arkansas,Phillips,25.92
Arkansas,Pike,17.77
Arkansas,Poinsett,31.61
Arkansas,Polk,23.38
Arkansas,Pope,78.77
Arkansas,Prairie,12.46
Arkansas,Pulaski,517.75
Arkansas,Randolph,27.52
Arkansas,Saline,167.81
Arkansas,Scott,11.56
Arkansas,Searcy,11.95
Arkansas,Sebastian,240.51
Arkansas,Sevier,30.32
Arkansas,Sharp,28.73
Arkansas,St. Francis,40.08
Arkansas,Stone,20.54
Arkansas,Union,37.65
Arkansas,Van Buren,23.39
Arkansas,Washington,251.56
Arkansas,White,76.06
Arkansas,Woodruff,11.06
Arkansas,Yell,23.15
California,Alameda,2260.59
California,Alpine,1.49
California,Amador,66.24
California,Butte,141.31
California,Calaveras,44.71
California,Colusa,18.79
California,Contra Costa,1604.03
California,Del Norte,27.66
California,El Dorado,111.65
California,Fresno,166.89
California,Glenn,21.35
California,Humboldt,38.22
California,Imperial,43.55
California,Inyo,1.76
California,Kern,110.27
California,Kings,108.87
California,Lake,51.24
California,Lassen,6.78
California,Los Angeles,2489.87
California,Madera,73.78
California,Marin,498.93
California,Mariposa,12.06
California,Mendocino,24.98
California,Merced,141.92
California,Modoc,2.22
California,Mono,4.67
California,Monterey,132.73
California,Napa,186.32
California,Nevada,104.09
California,Orange,4018.58
California,Placer,279.41
California,Plumas,7.37
California,Riverside,339.96
California,Sacramento,1596.45
California,San Benito,44.31
California,San Bernardino,108.21
California,San Diego,794.11
California,San Francisco,18833.80
California,San Joaquin,540.58
California,San Luis Obispo,86.05
California,San Mateo,1715.32
California,Santa Barbara,163.25
California,Santa Clara,1500.74
California,Santa Cruz,616.16
California,Shasta,47.69
California,Sierra,3.13
California,Siskiyou,6.96
California,Solano,543.45
California,Sonoma,317.30
California,Stanislaus,367.52
California,Sutter,160.67
California,Tehama,21.67
California,Trinity,3.94
California,Tulare,96.57
California,Tuolumne,24.56
California,Ventura,461.86
California,Yolo,217.21
California,Yuba,123.48
Colorado,Adams,438.88
Colorado,Alamosa,23.09
Colorado,Arapahoe,816.10
Colorado,Archuleta,10.20
Colorado,Baca,1.40
Colorado,Bent,3.89
Colorado,Boulder,448.91
Colorado,Broomfield,2099.00
Colorado,Chaffee,19.76
Colorado,Cheyenne,1.05
Colorado,Clear Creek,24.31
Colorado,Conejos,6.37
Colorado,Costilla,3.12
Colorado,Crowley,7.44
Colorado,Custer,6.71
Colorado,Delta,27.10
Colorado,Denver,4674.09
Colorado,Dolores,1.94
Colorado,Douglas,407.95
Colorado,Eagle,32.65
Colorado,El Paso,335.64
Colorado,Elbert,14.20
Colorado,Fremont,31.32
Colorado,Garfield,20.28
Colorado,Gilpin,40.80
Colorado,Grand,8.41
Colorado,Gunnison,5.32
Colorado,Hinsdale,0.73
Colorado,Huerfano,4.33
Colorado,Jackson,0.87
Colorado,Jefferson,759.13
Colorado,Kiowa,0.78
Colorado,Kit Carson,3.31
Colorado,La Plata,33.33
Colorado,Lake,20.76
Colorado,Larimer,135.03
Colorado,Las Animas,3.04
Colorado,Lincoln,2.18
Colorado,Logan,11.71
Colorado,Mesa,46.02
Colorado,Mineral,0.89
Colorado,Moffat,2.78
Colorado,Montezuma,12.89
Colorado,Montrose,18.84
Colorado,Morgan,22.30
Colorado,Otero,14.61
Colorado,Ouray,8.92
Colorado,Park,8.46
Colorado,Phillips,6.23
Colorado,Pitkin,18.49
Colorado,Prowers,7.42
Colorado,Pueblo,70.21
Colorado,Rio Blanco,1.97
Colorado,Rio Grande,12.34
Colorado,Routt,10.89
Colorado,Saguache,2.16
Colorado,San Juan,1.97
Colorado,San Miguel,6.37
Colorado,Sedgwick,4.20
Colorado,Summit,50.97
Colorado,Teller,45.03
Colorado,Washington,1.95
Colorado,Weld,78.87
Colorado,Yuma,4.24
Connecticut,Fairfield,1510.19
Connecticut,Hartford,1214.62
Connecticut,Litchfield,196.75
Connecticut,Middlesex,440.51
Connecticut,New Haven,1418.70
Connecticut,New London,401.09
Connecticut,Tolland,367.79
Connecticut,Windham,228.15
Delaware,Kent,304.66
Delaware,New Castle,1312.01
Delaware,Sussex,244.93
District of Columbia,District of Columbia,11489.29
Florida,Alachua,308.33
Florida,Baker,48.45
Florida,Bay,244.25
Florida,Bradford,94.34
Florida,Brevard,588.04
Florida,Broward,1622.24
Florida,Calhoun,25.71
Florida,Charlotte,271.61
Florida,Citrus,254.21
Florida,Clay,357.37
Florida,Collier,189.53
Florida,Columbia,88.40
Florida,Dade,0.00
Florida,DeSoto,58.88
Florida,Dixie,23.68
Florida,Duval,1245.93
Florida,Escambia,480.29
Florida,Flagler,230.99
Florida,Franklin,21.53
Florida,Gadsden,88.89
Florida,Gilchrist,52.20
Florida,Glades,17.02
Florida,Gulf,29.21
Florida,Hamilton,27.85
Florida,Hardee,42.73
Florida,Hendry,35.94
Florida,Hernando,403.55
Florida,Highlands,103.60
Florida,Hillsborough,1406.07
Florida,Holmes,40.67
Florida,Indian River,313.09
Florida,Jackson,52.61
Florida,Jefferson,23.89
Florida,Lafayette,16.07
Florida,Lake,374.96
Florida,Lee,965.64
Florida,Leon,438.61
Florida,Levy,36.46
Florida,Liberty,10.12
Florida,Madison,26.60
Florida,Manatee,530.98
Florida,Marion,226.63
Florida,Martin,295.89
Florida,Miami-Dade,1453.59
Florida,Monroe,76.32
Florida,Nassau,132.32
Florida,Okaloosa,222.81
Florida,Okeechobee,54.00
Florida,Orange,1530.87
Florida,Osceola,277.19
Florida,Palm Beach,756.48
Florida,Pasco,722.80
Florida,Pinellas,3562.28
Florida,Polk,393.88
Florida,Putnam,101.89
Florida,Santa Rosa,177.16
Florida,Sarasota,767.49
Florida,Seminole,1512.40
Florida,St. Johns,423.37
Florida,St. Lucie,561.76
Florida,Sumter,231.10
Florida,Taylor,20.73
Florida,Union,61.34
Florida,Volusia,497.20
Florida,Wakulla,53.53
Florida,Walton,68.78
Florida,Washington,42.55
Georgia,Appling,36.41
Georgia,Atkinson,24.21
Georgia,Bacon,39.37
Georgia,Baker,9.04
Georgia,Baldwin,173.26
Georgia,Banks,81.82
Georgia,Barrow,501.79
Georgia,Bartow,231.87
Georgia,Ben Hill,67.12
Georgia,Berrien,42.46
Georgia,Bibb,613.85
Georgia,Bleckley,59.47
Georgia,Brantley,42.63
Georgia,Brooks,31.46
Georgia,Bryan,87.10
Georgia,Bulloch,114.35
Georgia,Burke,27.11
Georgia,Butts,131.71
Georgia,Calhoun,22.65
Georgia,Camden,85.16
Georgia,Candler,44.58
Georgia,Carroll,236.70
Georgia,Catoosa,415.76
Georgia,Charlton,16.62
Georgia,Chatham,667.70
Georgia,Chattahoochee,42.95
Georgia,Chattooga,79.12
Georgia,Cherokee,603.56
Georgia,Clarke,1068.03
Georgia,Clay,14.77
Georgia,Clayton,2044.15
Georgia,Clinch,8.16
Georgia,Cobb,2227.45
Georgia,Coffee,72.76
Georgia,Colquitt,83.34
Georgia,Columbia,531.89
Georgia,Cook,75.13
Georgia,Coweta,330.81
Georgia,Crawford,37.91
Georgia,Crisp,82.88
Georgia,Dade,93.26
Georgia,Dawson,118.97
Georgia,Decatur,44.50
Georgia,DeKalb,2825.82
Georgia,Dodge,41.75
Georgia,Dooly,34.91
Georgia,Dougherty,277.64
Georgia,Douglas,726.15
Georgia,Early,19.99
Georgia,Echols,9.51
Georgia,Effingham,129.88
Georgia,Elbert,54.46
Georgia,Emanuel,33.23
Georgia,Evans,58.62
Georgia,Fannin,67.07
Georgia,Fayette,583.70
Georgia,Floyd,192.08
Georgia,Forsyth,1053.72
Georgia,Franklin,88.02
Georgia,Fulton,1993.69
Georgia,Gilmer,72.30
Georgia,Glascock,20.83
Georgia,Glynn,203.12
Georgia,Gordon,161.84
Georgia,Greene,45.65
Georgia,Gwinnett,2154.52
Georgia,Habersham,163.96
Georgia,Hall,514.37
Georgia,Hancock,17.72
Georgia,Haralson,104.66
Georgia,Harris,74.33
Georgia,Hart,112.29
Georgia,Heard,40.14
Georgia,Henry,722.49
Georgia,Houston,413.44
Georgia,Irwin,26.52
Georgia,Jackson,207.32
Georgia,Jasper,38.11
Georgia,Jeff Davis,45.42
Georgia,Jefferson,29.30
Georgia,Jenkins,25.00
Georgia,Johnson,32.04
Georgia,Jones,72.64
Georgia,Lamar,103.54
Georgia,Lanier,52.61
Georgia,Laurens,58.62
Georgia,Lee,83.63
Georgia,Liberty,119.07
Georgia,Lincoln,37.62
Georgia,Long,47.45
Georgia,Lowndes,233.97
Georgia,Lumpkin,116.47
Georgia,Macon,32.80
Georgia,Madison,105.02
Georgia,Marion,22.82
Georgia,McDuffie,83.63
Georgia,McIntosh,33.24
Georgia,Meriwether,42.03
Georgia,Miller,20.13
Georgia,Mitchell,43.33
Georgia,Monroe,69.48
Georgia,Montgomery,38.12
Georgia,Morgan,54.27
Georgia,Murray,115.88
Georgia,Muscogee,896.90
Georgia,Newton,400.08
Georgia,Oconee,213.04
Georgia,Oglethorpe,34.29
Georgia,Paulding,525.23
Georgia,Peach,181.64
Georgia,Pickens,137.81
Georgia,Pierce,56.95
Georgia,Pike,86.23
Georgia,Polk,136.85
Georgia,Pulaski,44.41
Georgia,Putnam,63.27
Georgia,Quitman,15.07
Georgia,Rabun,45.57
Georgia,Randolph,15.96
Georgia,Richmond,621.45
Georgia,Rockdale,697.84
Georgia,Schley,31.37
Georgia,Screven,21.58
Georgia,Seminole,35.00
Georgia,Spalding,337.26
Georgia,Stephens,145.33
Georgia,Stewart,13.51
Georgia,Sumter,61.57
Georgia,Talbot,16.03
Georgia,Taliaferro,8.26
Georgia,Tattnall,52.81
Georgia,Taylor,21.34
Georgia,Telfair,36.30
Georgia,Terrell,25.65
Georgia,Thomas,81.61
Georgia,Tift,155.51
Georgia,Toombs,73.86
Georgia,Towns,71.20
Georgia,Treutlen,34.14
Georgia,Troup,169.16
Georgia,Turner,27.72
Georgia,Twiggs,22.79
Georgia,Union,74.52
Georgia,Upson,81.04
Georgia,Walker,155.49
Georgia,Walton,286.10
Georgia,Ware,39.68
Georgia,Warren,18.47
Georgia,Washington,30.05
Georgia,Wayne,46.43
Georgia,Webster,12.47
Georgia,Wheeler,26.66
Georgia,White,124.49
Georgia,Whitfield,358.29
Georgia,Wilcox,23.32
Georgia,Wilkes,21.04
Georgia,Wilkinson,20.12
Georgia,Worth,35.57
Hawaii,Hawaii,49.89
Hawaii,Honolulu,1631.92
Hawaii,Kalawao,7.34
Hawaii,Kauai,116.37
Hawaii,Maui,143.95
Idaho,Ada,446.73
Idaho,Adams,3.12
Idaho,Bannock,78.33
Idaho,Bear Lake,6.20
Idaho,Benewah,11.87
Idaho,Bingham,22.08
Idaho,Blaine,8.57
Idaho,Boise,4.02
Idaho,Bonner,25.81
Idaho,Bonneville,62.62
Idaho,Boundary,9.42
Idaho,Butte,1.17
Idaho,Camas,1.05
Idaho,Canyon,380.72
Idaho,Caribou,4.00
Idaho,Cassia,9.30
Idaho,Clark,0.48
Idaho,Clearwater,3.56
Idaho,Custer,0.87
Idaho,Elmore,8.86
Idaho,Franklin,20.70
Idaho,Fremont,7.06
Idaho,Gem,31.50
Idaho,Gooding,20.84
Idaho,Idaho,1.95
Idaho,Jefferson,26.92
Idaho,Jerome,40.19
Idaho,Kootenai,130.48
Idaho,Latah,37.30
Idaho,Lemhi,1.74
Idaho,Lewis,8.06
Idaho,Lincoln,4.46
Idaho,Madison,83.76
Idaho,Minidoka,27.51
Idaho,Nez Perce,47.63
Idaho,Oneida,3.74
Idaho,Owyhee,1.52
Idaho,Payette,57.88
Idaho,Power,5.53
Idaho,Shoshone,4.85
Idaho,Teton,25.92
Idaho,Twin Falls,44.79
Idaho,Valley,3.01
Idaho,Washington,6.99
Illinois,Adams,76.82
Illinois,Alexander,25.74
Illinois,Bond,43.72
Illinois,Boone,190.82
Illinois,Brown,21.44
Illinois,Bureau,37.96
Illinois,Calhoun,18.92
Illinois,Carroll,32.13
Illinois,Cass,32.63
Illinois,Champaign,210.80
Illinois,Christian,46.03
Illinois,Clark,31.11
Illinois,Clay,28.30
Illinois,Clinton,79.42
Illinois,Coles,100.11
Illinois,Cook,5482.41
Illinois,Crawford,42.39
Illinois,Cumberland,31.24
Illinois,De Witt,39.66
Illinois,DeKalb,164.96
Illinois,Douglas,46.75
Illinois,DuPage,2833.14
Illinois,Edgar,27.85
Illinois,Edwards,28.74
Illinois,Effingham,71.45
Illinois,Fayette,29.89
Illinois,Ford,27.31
Illinois,Franklin,94.64
Illinois,Fulton,40.25
Illinois,Gallatin,15.66
Illinois,Greene,24.02
Illinois,Grundy,121.90
Illinois,Hamilton,18.78
Illinois,Hancock,22.48
Illinois,Hardin,22.04
Illinois,Henderson,17.71
Illinois,Henry,59.64
Illinois,Iroquois,24.70
Illinois,Jackson,98.39
Illinois,Jasper,19.43
Illinois,Jefferson,66.21
Illinois,Jersey,59.10
Illinois,Jo Daviess,35.56
Illinois,Johnson,36.24
Illinois,Kane,1028.60
Illinois,Kankakee,162.64
Illinois,Kendall,399.43
Illinois,Knox,69.95
Illinois,La Salle,96.40
Illinois,Lake,1578.81
Illinois,Lawrence,42.36
Illinois,Lee,47.22
Illinois,Livingston,34.27
Illinois,Logan,46.80
Illinois,Macon,180.36
Illinois,Macoupin,52.51
Illinois,Madison,369.61
Illinois,Marion,65.71
Illinois,Marshall,29.82
Illinois,Mason,25.15
Illinois,Massac,59.35
Illinois,McDonough,50.83
Illinois,McHenry,511.39
Illinois,McLean,146.06
Illinois,Menard,39.09
Illinois,Mercer,27.80
Illinois,Monroe,89.11
Illinois,Montgomery,40.64
Illinois,Morgan,59.72
Illinois,Moultrie,43.81
Illinois,Ogle,67.12
Illinois,Peoria,291.93
Illinois,Perry,47.92
Illinois,Piatt,37.33
Illinois,Pike,18.78
Illinois,Pope,11.42
Illinois,Pulaski,27.41
Illinois,Putnam,35.85
Illinois,Randolph,55.80
Illinois,Richland,43.78
Illinois,Rock Island,335.66
Illinois,Saline,62.91
Illinois,Sangamon,224.99
Illinois,Schuyler,15.79
Illinois,Scott,19.64
Illinois,Shelby,28.66
Illinois,St. Clair,396.93
Illinois,Stark,18.84
Illinois,Stephenson,79.31
Illinois,Tazewell,204.69
Illinois,Union,40.74
Illinois,Vermilion,85.50
Illinois,Wabash,51.72
Illinois,Warren,31.40
Illinois,Washington,24.88
Illinois,Wayne,22.88
Illinois,White,27.61
Illinois,Whiteside,81.31
Illinois,Will,828.25
Illinois,Williamson,159.58
Illinois,Winnebago,553.59
Illinois,Woodford,72.88
Indiana,Adams,105.14
Indiana,Allen,571.03
Indiana,Bartholomew,203.34
Indiana,Benton,21.29
Indiana,Blackford,72.27
Indiana,Boone,158.42
Indiana,Brown,48.83
Indiana,Carroll,54.07
Indiana,Cass,92.09
Indiana,Clark,314.77
Indiana,Clay,73.18
Indiana,Clinton,79.62
Indiana,Crawford,34.55
Indiana,Daviess,77.18
Indiana,De Kalb,119.14
Indiana,Dearborn,162.47
Indiana,Decatur,71.92
Indiana,Delaware,292.71
Indiana,Dubois,99.62
Indiana,Elkhart,443.81
Indiana,Fayette,107.19
Indiana,Floyd,525.65
Indiana,Fountain,41.32
Indiana,Franklin,59.14
Indiana,Fulton,54.54
Indiana,Gibson,68.63
Indiana,Grant,159.23
Indiana,Greene,59.00
Indiana,Hamilton,837.04
Indiana,Hancock,249.55
Indiana,Harrison,83.28
Indiana,Hendricks,410.45
Indiana,Henry,123.18
Indiana,Howard,281.05
Indiana,Huntington,94.71
Indiana,Jackson,86.50
Indiana,Jasper,59.62
Indiana,Jay,54.09
Indiana,Jefferson,89.31
Indiana,Jennings,73.32
Indiana,Johnson,487.53
Indiana,Knox,71.50
Indiana,Kosciusko,149.30
Indiana,La Porte,183.88
Indiana,LaGrange,103.60
Indiana,Lake,971.17
Indiana,Lawrence,101.67
Indiana,Madison,286.87
Indiana,Marion,2407.32
Indiana,Marshall,104.25
Indiana,Martin,30.43
Indiana,Miami,95.14
Indiana,Monroe,372.39
Indiana,Montgomery,75.99
Indiana,Morgan,173.62
Indiana,Newton,34.87
Indiana,Noble,115.69
Indiana,Ohio,67.84
Indiana,Orange,48.92
Indiana,Owen,54.10
Indiana,Parke,38.06
Indiana,Perry,50.04
Indiana,Pike,37.12
Indiana,Porter,405.65
Indiana,Posey,62.39
Indiana,Pulaski,28.75
Indiana,Putnam,78.62
Indiana,Randolph,54.93
Indiana,Ripley,63.89
Indiana,Rush,40.83
Indiana,Scott,125.41
Indiana,Shelby,108.46
Indiana,Spencer,51.23
Indiana,St. Joseph,591.35
Indiana,Starke,74.19
Indiana,Steuben,112.01
Indiana,Sullivan,46.27
Indiana,Switzerland,48.57
Indiana,Tippecanoe,386.94
Indiana,Tipton,58.06
Indiana,Union,43.66
Indiana,Vanderburgh,774.45
Indiana,Vermillion,60.26
Indiana,Vigo,266.10
Indiana,Wabash,75.82
Indiana,Warren,22.66
Indiana,Warrick,162.59
Indiana,Washington,54.40
Indiana,Wayne,164.12
Indiana,Wells,76.63
Indiana,White,47.77
Indiana,Whitley,101.54
Iowa,Adair,12.41
Iowa,Adams,8.61
Iowa,Allamakee,21.64
Iowa,Appanoose,25.01
Iowa,Audubon,12.43
Iowa,Benton,35.81
Iowa,Black Hawk,234.03
Iowa,Boone,46.09
Iowa,Bremer,57.29
Iowa,Buchanan,37.12
Iowa,Buena Vista,34.57
Iowa,Butler,25.06
Iowa,Calhoun,17.02
Iowa,Carroll,35.39
Iowa,Cass,22.91
Iowa,Cedar,32.15
Iowa,Cerro Gordo,75.04
Iowa,Cherokee,19.62
Iowa,Chickasaw,23.72
Iowa,Clarke,21.85
Iowa,Clay,28.44
Iowa,Clayton,22.55
Iowa,Clinton,66.94
Iowa,Crawford,24.02
Iowa,Dallas,153.28
Iowa,Davis,17.96
Iowa,Decatur,14.83
Iowa,Delaware,29.55
Iowa,Des Moines,94.05
Iowa,Dickinson,45.08
Iowa,Dubuque,159.22
Iowa,Emmet,23.37
Iowa,Fayette,26.90
Iowa,Floyd,31.48
Iowa,Franklin,17.40
Iowa,Fremont,13.68
Iowa,Greene,15.77
Iowa,Grundy,24.52
Iowa,Guthrie,18.15
Iowa,Hamilton,25.92
Iowa,Hancock,18.76
Iowa,Hardin,29.63
Iowa,Harrison,20.28
Iowa,Henry,46.21
Iowa,Howard,19.41
Iowa,Humboldt,21.98
Iowa,Ida,15.85
Iowa,Iowa,27.52
Iowa,Jackson,30.55
Iowa,Jasper,50.86
Iowa,Jefferson,42.20
Iowa,Johnson,246.76
Iowa,Jones,36.04
Iowa,Keokuk,17.65
Iowa,Kossuth,15.33
Iowa,Lee,65.80
Iowa,Linn,315.04
Iowa,Louisa,27.80
Iowa,Lucas,20.08
Iowa,Lyon,20.10
Iowa,Madison,28.96
Iowa,Mahaska,38.54
Iowa,Marion,60.25
Iowa,Marshall,69.84
Iowa,Mills,34.44
Iowa,Mitchell,22.53
Iowa,Monona,12.50
Iowa,Monroe,17.96
Iowa,Montgomery,23.59
Iowa,Muscatine,98.13
Iowa,O'Brien,24.15
Iowa,Osceola,15.15
Iowa,Page,28.51
Iowa,Palo Alto,15.84
Iowa,Plymouth,29.08
Iowa,Pocahontas,11.68
Iowa,Polk,851.44
Iowa,Pottawattamie,98.40
Iowa,Poweshiek,31.97
Iowa,Ringgold,9.28
Iowa,Sac,16.90
Iowa,Scott,378.27
Iowa,Shelby,19.60
Iowa,Sioux,45.46
Iowa,Story,171.35
Iowa,Tama,23.44
Iowa,Taylor,11.64
Iowa,Union,29.17
Iowa,Van Buren,14.48
Iowa,Wapello,81.52
Iowa,Warren,89.60
Iowa,Washington,38.93
Iowa,Wayne,12.18
Iowa,Webster,50.69
Iowa,Winnebago,26.26
Iowa,Winneshiek,29.03
Iowa,Woodbury,117.47
Iowa,Worth,18.63
Iowa,Wright,21.86
Kansas,Allen,24.87
Kansas,Anderson,13.59
Kansas,Atchison,37.56
Kansas,Barber,3.94
Kansas,Barton,29.17
Kansas,Bourbon,23.06
Kansas,Brown,16.81
Kansas,Butler,46.70
Kansas,Chase,3.40
Kansas,Chautauqua,5.18
Kansas,Cherokee,34.06
Kansas,Cheyenne,2.61
Kansas,Clark,2.06
Kansas,Clay,12.39
Kansas,Cloud,12.20
Kansas,Coffey,13.13
Kansas,Comanche,2.22
Kansas,Cowley,31.28
Kansas,Crawford,66.16
Kansas,Decatur,3.21
Kansas,Dickinson,22.10
Kansas,Doniphan,19.52
Kansas,Douglas,266.44
Kansas,Edwards,4.58
Kansas,Elk,3.89
Kansas,Ellis,31.90
Kansas,Ellsworth,8.66
Kansas,Finney,28.12
Kansas,Ford,30.86
Kansas,Franklin,44.83
Kansas,Geary,84.73
Kansas,Gove,2.44
Kansas,Graham,2.77
Kansas,Grant,12.76
Kansas,Gray,6.94
Kansas,Greeley,1.58
Kansas,Greenwood,5.30
Kansas,Hamilton,2.62
Kansas,Harper,6.87
Kansas,Harvey,63.38
Kansas,Haskell,6.92
Kansas,Hodgeman,2.11
Kansas,Jackson,20.24
Kansas,Jefferson,35.63
Kansas,Jewell,3.12
Kansas,Johnson,1261.68
Kansas,Kearny,4.53
Kansas,Kingman,8.47
Kansas,Kiowa,3.48
Kansas,Labette,30.93
Kansas,Lane,2.17
Kansas,Leavenworth,175.55
Kansas,Lincoln,4.20
Kansas,Linn,16.41
Kansas,Logan,2.65
Kansas,Lyon,39.42
Kansas,Marion,12.65
Kansas,Marshall,10.80
Kansas,McPherson,31.77
Kansas,Meade,4.24
Kansas,Miami,58.48
Kansas,Mitchell,8.76
Kansas,Montgomery,49.91
Kansas,Morris,7.94
Kansas,Morton,3.65
Kansas,Nemaha,14.15
Kansas,Neosho,27.91
Kansas,Ness,2.64
Kansas,Norton,6.18
Kansas,Osage,22.60
Kansas,Osborne,3.89
Kansas,Ottawa,8.05
Kansas,Pawnee,8.70
Kansas,Phillips,6.00
Kansas,Pottawatomie,28.88
Kansas,Pratt,12.76
Kansas,Rawlins,2.35
Kansas,Reno,49.66
Kansas,Republic,6.50
Kansas,Rice,13.12
Kansas,Riley,120.88
Kansas,Rooks,5.63
Kansas,Rush,4.31
Kansas,Russell,7.79
Kansas,Saline,75.53
Kansas,Scott,6.82
Kansas,Sedgwick,515.19
Kansas,Seward,34.05
Kansas,Shawnee,326.27
Kansas,Sheridan,2.83
Kansas,Sherman,5.59
Kansas,Smith,4.02
Kansas,Stafford,5.27
Kansas,Stanton,2.92
Kansas,Stevens,7.64
Kansas,Sumner,19.46
Kansas,Thomas,7.18
Kansas,Trego,3.14
Kansas,Wabaunsee,8.69
Kansas,Wallace,1.65
Kansas,Washington,6.06
Kansas,Wichita,2.93
Kansas,Wilson,15.19
Kansas,Woodson,6.39
Kansas,Wyandotte,1090.24
Kentucky,Adair,47.41
Kentucky,Allen,61.34
Kentucky,Anderson,112.10
Kentucky,Ballard,32.32
Kentucky,Barren,90.60
Kentucky,Bath,44.42
Kentucky,Bell,74.00
Kentucky,Boone,534.08
Kentucky,Bourbon,69.66
Kentucky,Boyd,295.49
Kentucky,Boyle,166.90
Kentucky,Bracken,40.64
Kentucky,Breathitt,25.84
Kentucky,Breckinridge,35.78
Kentucky,Bullitt,272.93
Kentucky,Butler,29.97
Kentucky,Caldwell,36.88
Kentucky,Calloway,101.64
Kentucky,Campbell,615.51
Kentucky,Carlisle,25.18
Kentucky,Carroll,83.51
Kentucky,Carter,65.94
Kentucky,Casey,35.76
Kentucky,Christian,99.89
Kentucky,Clark,143.57
Kentucky,Clay,42.84
Kentucky,Clinton,51.74
Kentucky,Crittenden,24.77
Kentucky,Cumberland,21.82
Kentucky,Daviess,220.56
Kentucky,Edmonson,40.52
Kentucky,Elliott,32.04
Kentucky,Estill,56.10
Kentucky,Fayette,1141.52
Kentucky,Fleming,41.41
Kentucky,Floyd,91.14
Kentucky,Franklin,244.49
Kentucky,Fulton,29.72
Kentucky,Gallatin,89.81
Kentucky,Garrard,76.31
Kentucky,Grant,97.38
Kentucky,Graves,67.63
Kentucky,Grayson,52.65
Kentucky,Green,38.63
Kentucky,Greenup,102.39
Kentucky,Hancock,46.67
Kentucky,Hardin,177.02
Kentucky,Harlan,56.69
Kentucky,Harrison,61.28
Kentucky,Hart,45.83
Kentucky,Henderson,104.45
Kentucky,Henry,56.26
Kentucky,Hickman,18.25
Kentucky,Hopkins,83.14
Kentucky,Jackson,38.94
Kentucky,Jefferson,2023.89
Kentucky,Jessamine,313.18
Kentucky,Johnson,85.45
Kentucky,Kenton,1035.94
Kentucky,Knott,43.03
Kentucky,Knox,81.04
Kentucky,Larue,54.70
Kentucky,Laurel,139.79
Kentucky,Lawrence,37.47
Kentucky,Lee,33.67
Kentucky,Leslie,25.30
Kentucky,Letcher,64.80
Kentucky,Lewis,27.46
Kentucky,Lincoln,74.04
Kentucky,Livingston,29.51
Kentucky,Logan,48.87
Kentucky,Lyon,37.45
Kentucky,Madison,211.20
Kentucky,Magoffin,40.08
Kentucky,Marion,56.56
Kentucky,Marshall,103.21
Kentucky,Martin,49.31
Kentucky,Mason,71.42
Kentucky,McCracken,262.73
Kentucky,McCreary,40.79
Kentucky,McLean,36.64
Kentucky,Meade,94.01
Kentucky,Menifee,31.69
Kentucky,Mercer,87.42
Kentucky,Metcalfe,34.63
Kentucky,Monroe,32.53
Kentucky,Montgomery,142.91
Kentucky,Morgan,35.01
Kentucky,Muhlenberg,65.85
Kentucky,Nelson,109.82
Kentucky,Nicholas,36.72
Kentucky,Ohio,41.01
Kentucky,Oldham,355.00
Kentucky,Owen,30.99
Kentucky,Owsley,22.65
Kentucky,Pendleton,52.42
Kentucky,Perry,76.81
Kentucky,Pike,74.23
Kentucky,Powell,69.52
Kentucky,Pulaski,98.15
Kentucky,Robertson,21.37
Kentucky,Rockcastle,52.91
Kentucky,Rowan,87.85
Kentucky,Russell,70.25
Kentucky,Scott,198.85
Kentucky,Shelby,127.76
Kentucky,Simpson,79.11
Kentucky,Spencer,100.65
Kentucky,Taylor,95.92
Kentucky,Todd,32.87
Kentucky,Trigg,33.16
Kentucky,Trimble,56.15
Kentucky,Union,42.31
Kentucky,Warren,242.31
Kentucky,Washington,40.69
Kentucky,Wayne,44.67
Kentucky,Webster,39.48
Kentucky,Whitley,82.78
Kentucky,Wolfe,32.30
Kentucky,Woodford,139.57
Louisiana,Acadia,94.92
Louisiana,Allen,33.61
Louisiana,Ascension,429.81
Louisiana,Assumption,65.86
Louisiana,Avoyelles,48.63
Louisiana,Beauregard,32.19
Louisiana,Bienville,16.40
Louisiana,Bossier,151.35
Louisiana,Caddo,276.34
Louisiana,Calcasieu,190.87
Louisiana,Caldwell,18.81
Louisiana,Cameron,5.42
Louisiana,Catahoula,13.57
Louisiana,Claiborne,21.12
Louisiana,Concordia,28.08
Louisiana,De Soto,31.30
Louisiana,East Baton Rouge,968.30
Louisiana,East Carroll,16.73
Louisiana,East Feliciana,42.58
Louisiana,Evangeline,50.49
Louisiana,Franklin,32.27
Louisiana,Grant,34.96
Louisiana,Iberia,123.57
Louisiana,Iberville,52.89
Louisiana,Jackson,27.94
Louisiana,Jefferson Davis,48.49
Louisiana,Jefferson,1467.88
Louisiana,La Salle,23.88
Louisiana,Lafayette,903.34
Louisiana,Lafourche,91.84
Louisiana,Lincoln,100.05
Louisiana,Livingston,215.32
Louisiana,Madison,17.87
Louisiana,Morehouse,31.95
Louisiana,Natchitoches,30.87
Louisiana,Orleans,2307.77
Louisiana,Ouachita,253.07
Louisiana,Plaquemines,30.00
Louisiana,Pointe Coupee,39.37
Louisiana,Rapides,98.89
Louisiana,Red River,21.79
Louisiana,Richland,36.33
Louisiana,Sabine,27.73
Louisiana,St. Bernard,123.76
Louisiana,St. Charles,190.38
Louisiana,St. Helena,25.13
Louisiana,St. James,86.63
Louisiana,St. John the Baptist,201.49
Louisiana,St. Landry,89.58
Louisiana,St. Martin,72.73
Louisiana,St. Mary,89.59
Louisiana,St. Tammany,305.38
Louisiana,Tangipahoa,169.06
Louisiana,Tensas,7.40
Louisiana,Terrebonne,90.27
Louisiana,Union,25.46
Louisiana,Vermilion,51.00
Louisiana,Vernon,36.79
Louisiana,Washington,69.57
Louisiana,Webster,65.41
Louisiana,West Baton Rouge,137.36
Louisiana,West Carroll,30.54
Louisiana,West Feliciana,38.33
Louisiana,Winn,14.88
Maine,Androscoggin,230.11
Maine,Aroostook,10.06
Maine,Cumberland,351.17
Maine,Franklin,17.62
Maine,Hancock,34.53
Maine,Kennebec,140.73
Maine,Knox,108.92
Maine,Lincoln,75.33
Maine,Oxford,27.74
Maine,Penobscot,44.48
Maine,Piscataquis,4.24
Maine,Sagadahoc,140.31
Maine,Somerset,12.89
Maine,Waldo,54.38
Maine,Washington,12.29
Maine,York,208.09
Maryland,Allegany,168.11
Maryland,Anne Arundel,1388.66
Maryland,Baltimore city,7442.80
Maryland,Baltimore,1384.50
Maryland,Calvert,431.55
Maryland,Caroline,104.26
Maryland,Carroll,376.27
Maryland,Cecil,296.93
Maryland,Charles,352.78
Maryland,Dorchester,59.17
Maryland,Frederick,387.03
Maryland,Garrett,44.93
Maryland,Harford,580.96
Maryland,Howard,1287.89
Maryland,Kent,69.96
Maryland,Montgomery,2134.76
Maryland,Prince George's,1883.99
Maryland,Queen Anne's,135.20
Maryland,Somerset,80.30
Maryland,St. Mary's,314.09
Maryland,Talbot,137.65
Maryland,Washington,329.70
Maryland,Wicomico,275.61
Maryland,Worcester,110.64
Massachusetts,Barnstable,541.36
Massachusetts,Berkshire,136.32
Massachusetts,Bristol,1019.73
Massachusetts,Dukes,168.12
Massachusetts,Essex,1605.29
Massachusetts,Franklin,101.49
Massachusetts,Hampden,762.41
Massachusetts,Hampshire,306.04
Massachusetts,Middlesex,1974.34
Massachusetts,Nantucket,245.33
Massachusetts,Norfolk,1780.79
Massachusetts,Plymouth,786.74
Massachusetts,Suffolk,13858.40
Massachusetts,Worcester,549.99
Michigan,Alcona,15.36
Michigan,Alger,9.94
Michigan,Allegan,142.17
Michigan,Alpena,49.59
Michigan,Antrim,49.12
Michigan,Arenac,41.41
Michigan,Baraga,9.26
Michigan,Barry,110.57
Michigan,Bay,234.99
Michigan,Benzie,55.53
Michigan,Berrien,271.48
Michigan,Branch,86.14
Michigan,Calhoun,190.42
Michigan,Cass,105.39
Michigan,Charlevoix,63.04
Michigan,Cheboygan,35.53
Michigan,Chippewa,24.07
Michigan,Clare,54.50
Michigan,Clinton,140.06
Michigan,Crawford,24.98
Michigan,Delta,30.62
Michigan,Dickinson,33.36
Michigan,Eaton,190.94
Michigan,Emmet,71.24
Michigan,Genesee,638.82
Michigan,Gladwin,50.49
Michigan,Gogebic,13.70
Michigan,Grand Traverse,199.36
Michigan,Gratiot,71.43
Michigan,Hillsdale,76.48
Michigan,Houghton,35.89
Michigan,Huron,37.28
Michigan,Ingham,526.44
Michigan,Ionia,112.39
Michigan,Iosco,45.68
Michigan,Iron,9.53
Michigan,Isabella,123.21
Michigan,Jackson,226.28
Michigan,Kalamazoo,471.32
Michigan,Kalkaska,31.84
Michigan,Kent,770.17
Michigan,Keweenaw,3.91
Michigan,Lake,20.93
Michigan,Lapeer,136.06
Michigan,Leelanau,62.68
Michigan,Lenawee,131.09
Michigan,Livingston,338.30
Michigan,Luce,6.99
Michigan,Mackinac,10.56
Michigan,Macomb,1825.57
Michigan,Manistee,45.23
Michigan,Marquette,36.77
Michigan,Mason,58.79
Michigan,Mecosta,78.44
Michigan,Menominee,22.01
Michigan,Midland,161.17
Michigan,Missaukee,26.76
Michigan,Monroe,273.85
Michigan,Montcalm,90.69
Michigan,Montmorency,16.95
Michigan,Muskegon,344.48
Michigan,Newaygo,58.28
Michigan,Oakland,1452.10
Michigan,Oceana,49.48
Michigan,Ogemaw,37.18
Michigan,Ontonagon,4.42
Michigan,Osceola,41.22
Michigan,Oscoda,14.63
Michigan,Otsego,47.89
Michigan,Ottawa,515.51
Michigan,Presque Isle,19.34
Michigan,Roscommon,45.94
Michigan,Saginaw,238.29
Michigan,Sanilac,42.78
Michigan,Schoolcraft,6.88
Michigan,Shiawassee,128.43
Michigan,St. Clair,220.89
Michigan,St. Joseph,121.94
Michigan,Tuscola,65.26
Michigan,Van Buren,124.13
Michigan,Washtenaw,525.47
Michigan,Wayne,2866.87
Michigan,Wexford,59.24
Minnesota,Aitkin,8.73
Minnesota,Anoka,838.50
Minnesota,Becker,26.14
Minnesota,Beltrami,18.70
Minnesota,Benton,99.30
Minnesota,Big Stone,9.99
Minnesota,Blue Earth,90.17
Minnesota,Brown,41.09
Minnesota,Carlton,41.61
Minnesota,Carver,292.35
Minnesota,Cass,14.60
Minnesota,Chippewa,20.52
Minnesota,Chisago,134.78
Minnesota,Clay,61.19
Minnesota,Clearwater,8.82
Minnesota,Cook,3.71
Minnesota,Cottonwood,17.62
Minnesota,Crow Wing,65.00
Minnesota,Dakota,756.25
Minnesota,Dodge,47.40
Minnesota,Douglas,59.62
Minnesota,Faribault,19.31
Minnesota,Fillmore,24.45
Minnesota,Freeborn,43.05
Minnesota,Goodhue,61.32
Minnesota,Grant,10.99
Minnesota,Hennepin,2273.95
Minnesota,Houston,33.65
Minnesota,Hubbard,23.04
Minnesota,Isanti,91.72
Minnesota,Itasca,16.91
Minnesota,Jackson,14.10
Minnesota,Kanabec,31.07
Minnesota,Kandiyohi,53.74
Minnesota,Kittson,3.87
Minnesota,Koochiching,4.01
Minnesota,Lac qui Parle,8.70
Minnesota,Lake,5.05
Minnesota,Lake of the Woods,2.90
Minnesota,Le Sueur,63.51
Minnesota,Lincoln,10.57
Minnesota,Lyon,35.87
Minnesota,Mahnomen,9.89
Minnesota,Marshall,5.29
Minnesota,Martin,27.78
Minnesota,McLeod,72.99
Minnesota,Meeker,38.06
Minnesota,Mille Lacs,45.67
Minnesota,Morrison,29.48
Minnesota,Mower,56.25
Minnesota,Murray,11.74
Minnesota,Nicollet,76.28
Minnesota,Nobles,30.66
Minnesota,Norman,7.42
Minnesota,Olmsted,239.09
Minnesota,Otter Tail,29.83
Minnesota,Pennington,22.99
Minnesota,Pine,20.89
Minnesota,Pipestone,19.45
Minnesota,Polk,16.00
Minnesota,Pope,16.57
Minnesota,Ramsey,3614.10
Minnesota,Red Lake,9.25
Minnesota,Redwood,17.36
Minnesota,Renville,14.87
Minnesota,Rice,134.16
Minnesota,Rock,19.51
Minnesota,Roseau,9.06
Minnesota,Scott,413.70
Minnesota,Sherburne,221.84
Minnesota,Sibley,25.52
Minnesota,St. Louis,31.97
Minnesota,Stearns,118.60
Minnesota,Steele,85.66
Minnesota,Stevens,17.30
Minnesota,Swift,12.59
Minnesota,Todd,26.01
Minnesota,Traverse,5.76
Minnesota,Wabasha,41.39
Minnesota,Wadena,25.68
Minnesota,Waseca,44.15
Minnesota,Washington,674.28
Minnesota,Watonwan,25.24
Minnesota,Wilkin,8.33
Minnesota,Winona,81.17
Minnesota,Wright,206.24
Minnesota,Yellow Medicine,0.29
Mississippi,Adams,67.47
Mississippi,Alcorn,92.30
Mississippi,Amite,16.88
Mississippi,Attala,24.99
Mississippi,Benton,20.34
Mississippi,Bolivar,35.74
Mississippi,Calhoun,24.61
Mississippi,Carroll,15.77
Mississippi,Chickasaw,34.22
Mississippi,Choctaw,19.79
Mississippi,Claiborne,18.47
Mississippi,Clarke,22.56
Mississippi,Clay,47.27
Mississippi,Coahoma,40.96
Mississippi,Copiah,36.72
Mississippi,Covington,45.56
Mississippi,DeSoto,382.11
Mississippi,Forrest,161.01
Mississippi,Franklin,13.81
Mississippi,George,50.66
Mississippi,Greene,19.06
Mississippi,Grenada,49.88
Mississippi,Hancock,99.87
Mississippi,Harrison,360.24
Mississippi,Hinds,272.56
Mississippi,Holmes,23.29
Mississippi,Humphreys,19.73
Mississippi,Issaquena,3.17
Mississippi,Itawamba,44.14
Mississippi,Jackson,198.22
Mississippi,Jasper,24.29
Mississippi,Jefferson,13.67
Mississippi,Jefferson Davis,27.50
Mississippi,Jones,98.53
Mississippi,Kemper,13.09
Mississippi,Lafayette,86.74
Mississippi,Lamar,125.73
Mississippi,Lauderdale,107.03
Mississippi,Lawrence,28.92
Mississippi,Leake,39.05
Mississippi,Lee,189.35
Mississippi,Leflore,48.68
Mississippi,Lincoln,58.35
Mississippi,Lowndes,116.59
Mississippi,Madison,147.83
Mississippi,Marion,45.57
Mississippi,Marshall,50.20
Mississippi,Monroe,46.48
Mississippi,Montgomery,24.63
Mississippi,Neshoba,51.08
Mississippi,Newton,37.11
Mississippi,Noxubee,15.15
Mississippi,Oktibbeha,108.24
Mississippi,Panola,49.88
Mississippi,Pearl River,68.27
Mississippi,Perry,18.43
Mississippi,Pike,96.73
Mississippi,Pontotoc,63.95
Mississippi,Prentiss,61.00
Mississippi,Quitman,17.41
Mississippi,Rankin,198.46
Mississippi,Scott,46.43
Mississippi,Sharkey,10.14
Mississippi,Simpson,45.42
Mississippi,Smith,25.15
Mississippi,Stone,42.01
Mississippi,Sunflower,36.88
Mississippi,Tallahatchie,21.68
Mississippi,Tate,71.05
Mississippi,Tippah,48.04
Mississippi,Tishomingo,45.85
Mississippi,Tunica,21.87
Mississippi,Union,68.83
Mississippi,Walthall,35.81
Mississippi,Warren,78.46
Mississippi,Washington,62.10
Mississippi,Wayne,25.04
Mississippi,Webster,23.24
Mississippi,Wilkinson,12.97
Mississippi,Winston,29.91
Mississippi,Yalobusha,26.53
Mississippi,Yazoo,30.63
Missouri,Adair,44.66
Missouri,Andrew,40.70
Missouri,Atchison,9.45
Missouri,Audrain,36.80
Missouri,Barry,46.12
Missouri,Barton,19.93
Missouri,Bates,19.51
Missouri,Benton,27.38
Missouri,Bollinger,19.69
Missouri,Boone,262.57
Missouri,Buchanan,216.96
Missouri,Butler,61.38
Missouri,Caldwell,21.36
Missouri,Callaway,53.79
Missouri,Camden,69.84
Missouri,Cape Girardeau,136.12
Missouri,Carroll,12.59
Missouri,Carter,11.93
Missouri,Cass,150.66
Missouri,Cedar,29.85
Missouri,Chariton,9.92
Missouri,Christian,154.60
Missouri,Clark,13.56
Missouri,Clay,619.52
Missouri,Clinton,48.86
Missouri,Cole,196.13
Missouri,Cooper,31.17
Missouri,Crawford,32.27
Missouri,Dade,15.45
Missouri,Dallas,30.99
Missouri,Daviess,14.76
Missouri,DeKalb,29.97
Missouri,Dent,20.51
Missouri,Douglas,16.44
Missouri,Dunklin,54.38
Missouri,Franklin,112.36
Missouri,Gasconade,28.33
Missouri,Gentry,13.49
Missouri,Greene,432.27
Missouri,Grundy,22.78
Missouri,Harrison,11.65
Missouri,Henry,31.27
Missouri,Hickory,23.84
Missouri,Holt,9.52
Missouri,Howard,21.86
Missouri,Howell,43.22
Missouri,Iron,18.49
Missouri,Jackson,1158.45
Missouri,Jasper,188.93
Missouri,Jefferson,341.75
Missouri,Johnson,64.70
Missouri,Knox,7.83
Missouri,Laclede,46.71
Missouri,Lafayette,51.87
Missouri,Lawrence,62.70
Missouri,Lewis,19.51
Missouri,Lincoln,92.07
Missouri,Linn,19.55
Missouri,Livingston,28.45
Missouri,Macon,18.91
Missouri,Madison,24.65
Missouri,Maries,16.64
Missouri,Marion,65.44
Missouri,McDonald,42.78
Missouri,Mercer,8.02
Missouri,Miller,42.75
Missouri,Mississippi,32.40
Missouri,Moniteau,38.84
Missouri,Monroe,13.38
Missouri,Montgomery,21.56
Missouri,Morgan,34.06
Missouri,New Madrid,25.63
Missouri,Newton,93.26
Missouri,Nodaway,25.43
Missouri,Oregon,13.35
Missouri,Osage,22.61
Missouri,Ozark,12.10
Missouri,Pemiscot,33.03
Missouri,Perry,40.37
Missouri,Pettis,62.36
Missouri,Phelps,66.59
Missouri,Pike,27.60
Missouri,Platte,245.33
Missouri,Polk,50.67
Missouri,Pulaski,95.07
Missouri,Putnam,9.20
Missouri,Ralls,21.74
Missouri,Randolph,51.30
Missouri,Ray,40.23
Missouri,Reynolds,7.74
Missouri,Ripley,21.29
Missouri,Saline,30.30
Missouri,Schuyler,14.97
Missouri,Scotland,11.38
Missouri,Scott,91.57
Missouri,Shannon,8.16
Missouri,Shelby,12.08
Missouri,St. Charles,712.18
Missouri,St. Clair,13.92
Missouri,St. Francois,147.58
Missouri,St. Louis city,4905.05
Missouri,St. Louis,1964.66
Missouri,Ste. Genevieve,35.84
Missouri,Stoddard,35.48
Missouri,Stone,68.44
Missouri,Sullivan,9.60
Missouri,Taney,88.32
Missouri,Texas,21.72
Missouri,Vernon,24.84
Missouri,Warren,80.99
Missouri,Washington,32.83
Missouri,Wayne,17.28
Missouri,Webster,66.00
Missouri,Worth,7.65
Missouri,Wright,26.96
Montana,Beaverhead,1.70
Montana,Big Horn,2.67
Montana,Blaine,1.61
Montana,Broadwater,5.10
Montana,Carbon,5.23
Montana,Carter,0.37
Montana,Cascade,30.26
Montana,Chouteau,1.45
Montana,Custer,3.06
Montana,Daniels,1.23
Montana,Dawson,3.66
Montana,Deer Lodge,12.39
Montana,Fallon,1.80
Montana,Fergus,2.56
Montana,Flathead,20.07
Montana,Gallatin,42.95
Montana,Garfield,0.27
Montana,Glacier,4.59
Montana,Golden Valley,0.70
Montana,Granite,1.96
Montana,Hill,5.64
Montana,Jefferson,7.30
Montana,Judith Basin,1.04
Montana,Lake,20.30
Montana,Lewis and Clark,19.86
Montana,Liberty,1.70
Montana,Lincoln,5.48
Montana,Madison,2.44
Montana,McCone,0.63
Montana,Meagher,0.78
Montana,Mineral,3.54
Montana,Missoula,45.81
Montana,Musselshell,2.49
Montana,Park,5.97
Montana,Petroleum,0.31
Montana,Phillips,0.79
Montana,Pondera,3.68
Montana,Powder River,0.52
Montana,Powell,3.00
Montana,Prairie,0.63
Montana,Ravalli,18.06
Montana,Richland,5.24
Montana,Roosevelt,4.70
Montana,Rosebud,1.81
Montana,Sanders,4.29
Montana,Sheridan,2.04
Montana,Silver Bow,48.74
Montana,Stillwater,5.31
Montana,Sweet Grass,2.00
Montana,Teton,2.71
Montana,Toole,2.53
Montana,Treasure,0.69
Montana,Valley,1.51
Montana,Wheatland,1.57
Montana,Wibaux,1.16
Montana,Yellowstone,60.81
Montana,Yellowstone National Park,0.00
Nebraska,Adams,55.94
Nebraska,Antelope,7.39
Nebraska,Arthur,0.65
Nebraska,Banner,0.98
Nebraska,Blaine,0.67
Nebraska,Boone,7.63
Nebraska,Box Butte,10.02
Nebraska,Boyd,3.62
Nebraska,Brown,2.43
Nebraska,Buffalo,51.24
Nebraska,Burt,13.20
Nebraska,Butler,13.78
Nebraska,Cass,46.93
Nebraska,Cedar,11.41
Nebraska,Chase,4.45
Nebraska,Cherry,0.97
Nebraska,Cheyenne,7.78
Nebraska,Clay,10.86
Nebraska,Colfax,26.43
Nebraska,Cuming,15.67
Nebraska,Custer,4.21
Nebraska,Dakota,75.99
Nebraska,Dawes,6.24
Nebraska,Dawson,23.40
Nebraska,Deuel,4.15
Nebraska,Dixon,11.99
Nebraska,Dodge,69.54
Nebraska,Douglas,1736.71
Nebraska,Dundy,1.92
Nebraska,Fillmore,9.61
Nebraska,Franklin,5.25
Nebraska,Frontier,2.68
Nebraska,Furnas,6.56
Nebraska,Gage,25.24
Nebraska,Garden,1.11
Nebraska,Garfield,3.49
Nebraska,Gosper,4.36
Nebraska,Grant,0.85
Nebraska,Greeley,4.13
Nebraska,Hall,112.75
Nebraska,Hamilton,17.12
Nebraska,Harlan,6.14
Nebraska,Hayes,1.28
Nebraska,Hitchcock,3.95
Nebraska,Holt,4.22
Nebraska,Hooker,0.95
Nebraska,Howard,11.36
Nebraska,Jefferson,12.45
Nebraska,Johnson,13.65
Nebraska,Kearney,12.68
Nebraska,Keith,7.56
Nebraska,Keya Paha,1.05
Nebraska,Kimball,3.80
Nebraska,Knox,7.60
Nebraska,Lancaster,378.81
Nebraska,Lincoln,13.72
Nebraska,Logan,1.31
Nebraska,Loup,1.10
Nebraska,Madison,61.81
Nebraska,McPherson,0.57
Nebraska,Merrick,15.92
Nebraska,Morrill,3.29
Nebraska,Nance,8.00
Nebraska,Nemaha,17.08
Nebraska,Nuckolls,7.29
Nebraska,Otoe,25.96
Nebraska,Pawnee,6.11
Nebraska,Perkins,3.32
Nebraska,Phelps,16.67
Nebraska,Pierce,12.46
Nebraska,Platte,49.49
Nebraska,Polk,12.04
Nebraska,Red Willow,14.96
Nebraska,Richardson,14.38
Nebraska,Rock,1.35
Nebraska,Saline,25.00
Nebraska,Sarpy,774.55
Nebraska,Saunders,28.43
Nebraska,Scotts Bluff,48.67
Nebraska,Seward,30.31
Nebraska,Sheridan,2.13
Nebraska,Sherman,5.37
Nebraska,Sioux,0.57
Nebraska,Stanton,13.96
Nebraska,Thayer,8.78
Nebraska,Thomas,1.01
Nebraska,Thurston,18.56
Nebraska,Valley,7.38
Nebraska,Washington,53.00
Nebraska,Wayne,21.23
Nebraska,Webster,6.15
Nebraska,Wheeler,1.40
Nebraska,York,24.06
Nevada,Carson City,383.06
Nevada,Churchill,4.94
Nevada,Clark,282.79
Nevada,Douglas,68.29
Nevada,Elko,3.05
Nevada,Esmeralda,0.23
Nevada,Eureka,0.48
Nevada,Humboldt,1.74
Nevada,Lander,1.01
Nevada,Lincoln,0.49
Nevada,Lyon,27.89
Nevada,Mineral,1.20
Nevada,Nye,2.49
Nevada,Pershing,1.10
Nevada,Storey,15.26
Nevada,Washoe,73.74
Nevada,White Pine,1.07
New Hampshire,Belknap,151.86
New Hampshire,Carroll,52.35
New Hampshire,Cheshire,108.24
New Hampshire,Coos,17.60
New Hampshire,Grafton,52.55
New Hampshire,Hillsborough,473.74
New Hampshire,Merrimack,162.01
New Hampshire,Rockingham,444.61
New Hampshire,Strafford,354.02
New Hampshire,Sullivan,80.26
New Jersey,Atlantic,477.80
New Jersey,Bergen,4023.76
New Jersey,Burlington,557.22
New Jersey,Camden,2290.84
New Jersey,Cape May,368.06
New Jersey,Cumberland,312.34
New Jersey,Essex,6342.83
New Jersey,Gloucester,905.05
New Jersey,Hudson,14636.52
New Jersey,Hunterdon,291.50
New Jersey,Mercer,1647.71
New Jersey,Middlesex,2683.15
New Jersey,Monmouth,1327.17
New Jersey,Morris,1072.17
New Jersey,Ocean,957.52
New Jersey,Passaic,2705.82
New Jersey,Salem,188.65
New Jersey,Somerset,1097.04
New Jersey,Sussex,271.42
New Jersey,Union,5430.25
New Jersey,Warren,296.68
New Mexico,Bernalillo,584.45
New Mexico,Catron,0.52
New Mexico,Chaves,10.66
New Mexico,Cibola,5.89
New Mexico,Colfax,3.22
New Mexico,Curry,35.17
New Mexico,De Baca,0.77
New Mexico,DoÂ±a Ana,57.12
New Mexico,Eddy,13.86
New Mexico,Grant,6.90
New Mexico,Guadalupe,1.43
New Mexico,Harding,0.31
New Mexico,Hidalgo,1.23
New Mexico,Lea,15.85
New Mexico,Lincoln,4.05
New Mexico,Los Alamos,174.90
New Mexico,Luna,8.08
New Mexico,McKinley,13.26
New Mexico,Mora,2.34
New Mexico,Otero,10.10
New Mexico,Quay,2.87
New Mexico,Rio Arriba,6.66
New Mexico,Roosevelt,7.66
New Mexico,San Juan,22.66
New Mexico,San Miguel,5.84
New Mexico,Sandoval,39.13
New Mexico,Santa Fe,78.55
New Mexico,Sierra,2.62
New Mexico,Socorro,2.52
New Mexico,Taos,14.91
New Mexico,Torrance,4.66
New Mexico,Union,1.08
New Mexico,Valencia,71.67
New York,Albany,587.41
New York,Allegany,45.11
New York,Bronx,34057.84
New York,Broome,271.54
New York,Cattaraugus,58.73
New York,Cayuga,111.55
New York,Chautauqua,120.67
New York,Chemung,206.83
New York,Chenango,53.20
New York,Clinton,77.76
New York,Columbia,94.41
New York,Cortland,95.88
New York,Delaware,30.87
New York,Dutchess,369.15
New York,Erie,882.03
New York,Essex,20.79
New York,Franklin,30.87
New York,Fulton,108.16
New York,Genesee,116.67
New York,Greene,73.38
New York,Hamilton,2.58
New York,Herkimer,43.81
New York,Jefferson,88.09
New York,Kings,37232.67
New York,Lewis,20.75
New York,Livingston,100.08
New York,Madison,108.11
New York,Monroe,1130.32
New York,Montgomery,122.68
New York,Nassau,4772.31
New York,New York,71875.60
New York,Niagara,402.86
New York,Oneida,189.37
New York,Onondaga,593.29
New York,Ontario,170.58
New York,Orange,470.20
New York,Orleans,103.80
New York,Oswego,123.89
New York,Otsego,59.65
New York,Putnam,429.35
New York,Queens,20949.68
New York,Rensselaer,244.37
New York,Richmond,8278.49
New York,Rockland,1877.85
New York,Saratoga,284.15
New York,Schenectady,759.36
New York,Schoharie,50.01
New York,Schuyler,54.55
New York,Seneca,105.96
New York,St. Lawrence,40.32
New York,Steuben,68.89
New York,Suffolk,1624.34
New York,Sullivan,77.98
New York,Tioga,93.63
New York,Tompkins,216.57
New York,Ulster,158.86
New York,Warren,74.10
New York,Washington,73.63
New York,Wayne,149.15
New York,Westchester,2247.18
New York,Wyoming,67.63
New York,Yates,73.46
North Carolina,Alamance,393.05
North Carolina,Alexander,143.67
North Carolina,Alleghany,47.61
North Carolina,Anson,46.81
North Carolina,Ashe,63.78
North Carolina,Avery,70.77
North Carolina,Beaufort,56.58
North Carolina,Bertie,27.21
North Carolina,Bladen,37.94
North Carolina,Brunswick,161.03
North Carolina,Buncombe,394.67
North Carolina,Burke,178.54
North Carolina,Cabarrus,585.01
North Carolina,Caldwell,173.83
North Carolina,Camden,44.56
North Carolina,Carteret,136.97
North Carolina,Caswell,53.36
North Carolina,Catawba,395.28
North Carolina,Chatham,107.29
North Carolina,Cherokee,62.31
North Carolina,Chowan,81.25
North Carolina,Clay,51.81
North Carolina,Cleveland,210.34
North Carolina,Columbus,59.33
North Carolina,Craven,145.65
North Carolina,Cumberland,509.27
North Carolina,Currituck,103.36
North Carolina,Dare,95.25
North Carolina,Davidson,301.19
North Carolina,Davie,162.06
North Carolina,Duplin,72.24
North Carolina,Durham,1105.58
North Carolina,Edgecombe,102.89
North Carolina,Forsyth,929.60
North Carolina,Franklin,137.37
North Carolina,Gaston,626.41
North Carolina,Gates,33.98
North Carolina,Graham,29.06
North Carolina,Granville,113.00
North Carolina,Greene,78.77
North Carolina,Guilford,826.20
North Carolina,Halifax,69.88
North Carolina,Harnett,225.56
North Carolina,Haywood,111.95
North Carolina,Henderson,313.05
North Carolina,Hertford,66.99
North Carolina,Hoke,140.38
North Carolina,Hyde,8.54
North Carolina,Iredell,310.70
North Carolina,Jackson,88.22
North Carolina,Johnston,256.16
North Carolina,Jones,20.44
North Carolina,Lee,240.93
North Carolina,Lenoir,140.26
North Carolina,Lincoln,283.16
North Carolina,Macon,68.44
North Carolina,Madison,48.40
North Carolina,Martin,49.67
North Carolina,McDowell,103.43
North Carolina,Mecklenburg,2089.27
North Carolina,Mitchell,67.80
North Carolina,Montgomery,55.48
North Carolina,Moore,141.44
North Carolina,Nash,173.96
North Carolina,New Hanover,1208.19
North Carolina,Northampton,36.66
North Carolina,Onslow,259.40
North Carolina,Orange,367.31
North Carolina,Pamlico,37.65
North Carolina,Pasquotank,174.71
North Carolina,Pender,71.34
North Carolina,Perquimans,54.30
North Carolina,Person,100.70
North Carolina,Pitt,275.79
North Carolina,Polk,86.71
North Carolina,Randolph,183.24
North Carolina,Richmond,94.76
North Carolina,Robeson,139.17
North Carolina,Rockingham,160.33
North Carolina,Rowan,276.18
North Carolina,Rutherford,118.18
North Carolina,Sampson,67.28
North Carolina,Scotland,109.07
North Carolina,Stanly,157.10
North Carolina,Stokes,101.26
North Carolina,Surry,134.80
North Carolina,Swain,26.99
North Carolina,Transylvania,90.43
North Carolina,Tyrrell,10.57
North Carolina,Union,372.85
North Carolina,Vance,176.63
North Carolina,Wake,1308.42
North Carolina,Warren,46.13
North Carolina,Washington,34.22
North Carolina,Watauga,179.06
North Carolina,Wayne,222.50
North Carolina,Wilkes,90.86
North Carolina,Wilson,221.62
North Carolina,Yadkin,112.09
North Carolina,Yancey,57.27
North Dakota,Adams,2.32
North Dakota,Barnes,7.07
North Dakota,Benson,5.01
North Dakota,Billings,0.80
North Dakota,Bottineau,3.84
North Dakota,Bowman,2.65
North Dakota,Burke,1.90
North Dakota,Burleigh,58.35
North Dakota,Cass,102.85
North Dakota,Cavalier,2.57
North Dakota,Dickey,4.33
North Dakota,Divide,1.81
North Dakota,Dunn,2.16
North Dakota,Eddy,3.67
North Dakota,Emmons,2.18
North Dakota,Foster,5.07
North Dakota,Golden Valley,0.02
North Dakota,Grand Forks,49.27
North Dakota,Grant,1.43
North Dakota,Griggs,3.15
North Dakota,Hettinger,2.22
North Dakota,Kidder,1.81
North Dakota,LaMoure,3.54
North Dakota,Logan,1.92
North Dakota,McHenry,3.10
North Dakota,McIntosh,2.65
North Dakota,McKenzie,4.94
North Dakota,McLean,4.52
North Dakota,Mercer,7.93
North Dakota,Morton,16.15
North Dakota,Mountrail,5.60
North Dakota,Nelson,2.92
North Dakota,Oliver,2.70
North Dakota,Pembina,6.21
North Dakota,Pierce,4.01
North Dakota,Ramsey,9.69
North Dakota,Ransom,6.07
North Dakota,Renville,2.71
North Dakota,Richland,11.31
North Dakota,Rolette,15.84
North Dakota,Sargent,4.51
North Dakota,Sheridan,1.39
North Dakota,Sioux,3.98
North Dakota,Slope,0.63
North Dakota,Stark,23.22
North Dakota,Steele,2.67
North Dakota,Stutsman,9.41
North Dakota,Towner,2.14
North Dakota,Traill,9.33
North Dakota,Walsh,8.32
North Dakota,Ward,33.65
North Dakota,Wells,3.11
North Dakota,Williams,17.01
Ohio,Adams,47.48
Ohio,Allen,255.06
Ohio,Ashland,127.07
Ohio,Ashtabula,138.87
Ohio,Athens,130.69
Ohio,Auglaize,114.11
Ohio,Belmont,126.86
Ohio,Brown,88.98
Ohio,Butler,819.62
Ohio,Carroll,68.63
Ohio,Champaign,90.34
Ohio,Clark,339.11
Ohio,Clermont,454.45
Ohio,Clinton,102.91
Ohio,Columbiana,193.01
Ohio,Coshocton,64.95
Ohio,Crawford,103.41
Ohio,Cuyahoga,2720.72
Ohio,Darke,85.81
Ohio,Defiance,92.76
Ohio,Delaware,462.19
Ohio,Erie,296.82
Ohio,Fairfield,308.84
Ohio,Fayette,70.54
Ohio,Franklin,2461.07
Ohio,Fulton,104.27
Ohio,Gallia,64.26
Ohio,Geauga,234.90
Ohio,Greene,406.15
Ohio,Guernsey,74.72
Ohio,Hamilton,2014.46
Ohio,Hancock,142.91
Ohio,Hardin,66.93
Ohio,Harrison,37.72
Ohio,Henry,65.11
Ohio,Highland,77.85
Ohio,Hocking,67.37
Ohio,Holmes,103.87
Ohio,Huron,119.03
Ohio,Jackson,77.05
Ohio,Jefferson,161.15
Ohio,Knox,117.78
Ohio,Lake,1005.43
Ohio,Lawrence,132.05
Ohio,Licking,257.56
Ohio,Logan,98.92
Ohio,Lorain,630.01
Ohio,Lucas,1265.67
Ohio,Madison,95.35
Ohio,Mahoning,558.06
Ohio,Marion,161.60
Ohio,Medina,425.06
Ohio,Meigs,53.72
Ohio,Mercer,88.57
Ohio,Miami,261.30
Ohio,Monroe,30.26
Ohio,Montgomery,1153.43
Ohio,Morgan,35.07
Ohio,Morrow,86.46
Ohio,Muskingum,129.69
Ohio,Noble,36.06
Ohio,Ottawa,160.06
Ohio,Paulding,45.05
Ohio,Perry,88.33
Ohio,Pickaway,115.89
Ohio,Pike,63.75
Ohio,Portage,334.28
Ohio,Preble,96.64
Ohio,Putnam,70.00
Ohio,Richland,244.55
Ohio,Ross,111.63
Ohio,Sandusky,144.03
Ohio,Scioto,123.73
Ohio,Seneca,100.19
Ohio,Shelby,119.27
Ohio,Stark,645.87
Ohio,Summit,1312.82
Ohio,Trumbull,321.36
Ohio,Tuscarawas,162.44
Ohio,Union,133.96
Ohio,Van Wert,69.12
Ohio,Vinton,31.86
Ohio,Warren,578.71
Ohio,Washington,95.19
Ohio,Wayne,209.02
Ohio,Williams,87.49
Ohio,Wood,211.76
Ohio,Wyandot,53.91
Oklahoma,Adair,38.48
Oklahoma,Alfalfa,6.64
Oklahoma,Atoka,14.19
Oklahoma,Beaver,2.93
Oklahoma,Beckham,24.08
Oklahoma,Blaine,10.22
Oklahoma,Bryan,52.19
Oklahoma,Caddo,22.68
Oklahoma,Canadian,161.11
Oklahoma,Carter,58.60
Oklahoma,Cherokee,64.99
Oklahoma,Choctaw,19.04
Oklahoma,Cimarron,1.17
Oklahoma,Cleveland,522.78
Oklahoma,Coal,10.68
Oklahoma,Comanche,112.61
Oklahoma,Cotton,9.13
Oklahoma,Craig,18.79
Oklahoma,Creek,75.38
Oklahoma,Custer,29.37
Oklahoma,Delaware,57.90
Oklahoma,Dewey,4.90
Oklahoma,Ellis,3.21
Oklahoma,Garfield,57.55
Oklahoma,Garvin,34.67
Oklahoma,Grady,50.48
Oklahoma,Grant,4.32
Oklahoma,Greer,9.11
Oklahoma,Harmon,4.96
Oklahoma,Harper,3.66
Oklahoma,Haskell,21.97
Oklahoma,Hughes,16.58
Oklahoma,Jackson,31.08
Oklahoma,Jefferson,8.07
Oklahoma,Johnston,17.03
Oklahoma,Kay,48.02
Oklahoma,Kingfisher,17.61
Oklahoma,Kiowa,8.60
Oklahoma,Latimer,14.17
Oklahoma,Le Flore,31.45
Oklahoma,Lincoln,36.67
Oklahoma,Logan,63.58
Oklahoma,Love,19.72
Oklahoma,Major,8.00
Oklahoma,Marshall,45.23
Oklahoma,Mayes,62.72
Oklahoma,McClain,70.06
Oklahoma,McCurtain,17.67
Oklahoma,McIntosh,32.05
Oklahoma,Murray,33.51
Oklahoma,Muskogee,84.33
Oklahoma,Noble,15.42
Oklahoma,Nowata,18.06
Oklahoma,Okfuskee,19.56
Oklahoma,Oklahoma,1118.11
Oklahoma,Okmulgee,54.96
Oklahoma,Osage,20.93
Oklahoma,Ottawa,66.21
Oklahoma,Pawnee,28.84
Oklahoma,Payne,119.78
Oklahoma,Pittsburg,33.61
Oklahoma,Pontotoc,53.09
Oklahoma,Pottawatomie,92.26
Oklahoma,Pushmataha,8.01
Oklahoma,Roger Mills,3.20
Oklahoma,Rogers,136.15
Oklahoma,Seminole,38.84
Oklahoma,Sequoyah,61.14
Oklahoma,Stephens,49.72
Oklahoma,Texas,10.02
Oklahoma,Tillman,8.44
Oklahoma,Tulsa,1137.31
Oklahoma,Wagoner,142.63
Oklahoma,Washington,124.77
Oklahoma,Washita,11.09
Oklahoma,Woods,6.92
Oklahoma,Woodward,16.27
Oregon,Baker,5.22
Oregon,Benton,136.41
Oregon,Clackamas,222.42
Oregon,Clatsop,48.02
Oregon,Columbia,79.59
Oregon,Coos,40.34
Oregon,Crook,8.01
Oregon,Curry,14.01
Oregon,Deschutes,63.62
Oregon,Douglas,21.90
Oregon,Gilliam,1.57
Oregon,Grant,1.58
Oregon,Harney,0.72
Oregon,Hood River,44.87
Oregon,Jackson,78.89
Oregon,Jefferson,13.57
Oregon,Josephine,53.33
Oregon,Klamath,11.38
Oregon,Lake,0.97
Oregon,Lane,83.32
Oregon,Lincoln,50.34
Oregon,Linn,55.67
Oregon,Malheur,3.11
Oregon,Marion,293.82
Oregon,Morrow,5.60
Oregon,Multnomah,1883.23
Oregon,Polk,115.04
Oregon,Sherman,2.07
Oregon,Tillamook,24.30
Oregon,Umatilla,24.11
Oregon,Union,12.99
Oregon,Wallowa,2.25
Oregon,Wasco,11.13
Oregon,Washington,825.24
Oregon,Wheeler,0.80
Oregon,Yamhill,149.47
Pennsylvania,Adams,198.21
Pennsylvania,Allegheny,1668.84
Pennsylvania,Armstrong,99.91
Pennsylvania,Beaver,378.97
Pennsylvania,Bedford,47.59
Pennsylvania,Berks,490.60
Pennsylvania,Blair,232.96
Pennsylvania,Bradford,53.02
Pennsylvania,Bucks,1039.37
Pennsylvania,Butler,237.97
Pennsylvania,Cambria,191.37
Pennsylvania,Cameron,11.34
Pennsylvania,Carbon,168.46
Pennsylvania,Centre,146.84
Pennsylvania,Chester,695.57
Pennsylvania,Clarion,64.54
Pennsylvania,Clearfield,69.35
Pennsylvania,Clinton,43.56
Pennsylvania,Columbia,135.52
Pennsylvania,Crawford,84.03
Pennsylvania,Cumberland,460.92
Pennsylvania,Dauphin,527.91
Pennsylvania,Delaware,3072.30
Pennsylvania,Elk,36.46
Pennsylvania,Erie,340.48
Pennsylvania,Fayette,165.04
Pennsylvania,Forest,17.04
Pennsylvania,Franklin,200.49
Pennsylvania,Fulton,33.19
Pennsylvania,Greene,63.39
Pennsylvania,Huntingdon,51.64
Pennsylvania,Indiana,102.14
Pennsylvania,Jefferson,66.89
Pennsylvania,Juniata,63.12
Pennsylvania,Lackawanna,459.47
Pennsylvania,Lancaster,575.85
Pennsylvania,Lawrence,241.26
Pennsylvania,Lebanon,390.58
Pennsylvania,Lehigh,1066.06
Pennsylvania,Luzerne,356.92
Pennsylvania,Lycoming,92.50
Pennsylvania,Mc Kean,1.61
Pennsylvania,Mercer,164.58
Pennsylvania,Mifflin,112.45
Pennsylvania,Monroe,278.68
Pennsylvania,Montgomery,1715.64
Pennsylvania,Montour,140.05
Pennsylvania,Northampton,824.29
Pennsylvania,Northumberland,198.87
Pennsylvania,Perry,83.67
Pennsylvania,Philadelphia,11797.27
Pennsylvania,Pike,102.64
Pennsylvania,Potter,15.37
Pennsylvania,Schuylkill,182.46
Pennsylvania,Snyder,123.30
Pennsylvania,Somerset,68.83
Pennsylvania,Sullivan,13.49
Pennsylvania,Susquehanna,49.29
Pennsylvania,Tioga,35.95
Pennsylvania,Union,141.74
Pennsylvania,Venango,76.03
Pennsylvania,Warren,44.67
Pennsylvania,Washington,241.95
Pennsylvania,Wayne,70.67
Pennsylvania,Westmoreland,341.05
Pennsylvania,Wyoming,68.07
Pennsylvania,York,495.67
Rhode Island,Bristol,2016.12
Rhode Island,Kent,972.07
Rhode Island,Newport,805.76
Rhode Island,Providence,1553.36
Rhode Island,Washington,383.20
South Carolina,Abbeville,49.94
South Carolina,Aiken,158.22
South Carolina,Allendale,21.82
South Carolina,Anderson,280.85
South Carolina,Bamberg,36.29
South Carolina,Barnwell,38.50
South Carolina,Beaufort,327.54
South Carolina,Berkeley,200.32
South Carolina,Calhoun,38.10
South Carolina,Charleston,442.19
South Carolina,Cherokee,145.11
South Carolina,Chester,55.54
South Carolina,Chesterfield,57.26
South Carolina,Clarendon,55.52
South Carolina,Colleton,35.65
South Carolina,Darlington,119.16
South Carolina,Dillon,75.54
South Carolina,Dorchester,282.54
South Carolina,Edgefield,54.02
South Carolina,Fairfield,32.64
South Carolina,Florence,172.59
South Carolina,Georgetown,76.48
South Carolina,Greenville,654.94
South Carolina,Greenwood,155.57
South Carolina,Hampton,34.56
South Carolina,Horry,303.75
South Carolina,Jasper,44.22
South Carolina,Kershaw,90.27
South Carolina,Lancaster,173.71
South Carolina,Laurens,93.86
South Carolina,Lee,41.79
South Carolina,Lexington,422.08
South Carolina,Marion,63.44
South Carolina,Marlboro,55.01
South Carolina,McCormick,26.20
South Carolina,Newberry,61.14
South Carolina,Oconee,125.09
South Carolina,Orangeburg,78.58
South Carolina,Pickens,251.39
South Carolina,Richland,547.42
South Carolina,Saluda,45.36
South Carolina,Spartanburg,388.60
South Carolina,Sumter,160.15
South Carolina,Union,53.31
South Carolina,Williamsburg,32.76
South Carolina,York,402.72
South Dakota,Aurora,3.95
South Dakota,Beadle,15.00
South Dakota,Bennett,2.93
South Dakota,Bon Homme,12.39
South Dakota,Brookings,44.47
South Dakota,Brown,22.95
South Dakota,Brule,6.40
South Dakota,Buffalo,4.32
South Dakota,Butte,4.54
South Dakota,Campbell,1.88
South Dakota,Charles Mix,8.51
South Dakota,Clark,3.90
South Dakota,Clay,34.08
South Dakota,Codington,40.74
South Dakota,Corson,1.69
South Dakota,Custer,5.60
South Dakota,Davison,45.43
South Dakota,Day,5.35
South Dakota,Deuel,6.96
South Dakota,Dewey,2.56
South Dakota,Douglas,6.80
South Dakota,Edmunds,3.44
South Dakota,Fall River,3.88
South Dakota,Faulk,2.37
South Dakota,Grant,10.49
South Dakota,Gregory,4.15
South Dakota,Haakon,1.06
South Dakota,Hamlin,12.05
South Dakota,Hand,2.27
South Dakota,Hanson,7.77
South Dakota,Harding,0.47
South Dakota,Hughes,23.80
South Dakota,Hutchinson,9.08
South Dakota,Hyde,1.49
South Dakota,Jackson,1.77
South Dakota,Jerauld,3.88
South Dakota,Jones,0.96
South Dakota,Kingsbury,5.91
South Dakota,Lake,23.20
South Dakota,Lawrence,32.17
South Dakota,Lincoln,101.87
South Dakota,Lyman,2.33
South Dakota,Marshall,6.10
South Dakota,McCook,9.66
South Dakota,McPherson,2.12
South Dakota,Meade,8.15
South Dakota,Mellette,1.56
South Dakota,Miner,3.88
South Dakota,Minnehaha,239.05
South Dakota,Moody,12.67
South Dakota,Oglala Lakota,6.83
South Dakota,Pennington,40.24
South Dakota,Perkins,1.02
South Dakota,Potter,2.56
South Dakota,Roberts,9.49
South Dakota,Sanborn,4.27
South Dakota,Shannon,0.00
South Dakota,Spink,4.32
South Dakota,Stanley,2.09
South Dakota,Sully,1.38
South Dakota,Todd,7.41
South Dakota,Tripp,3.40
South Dakota,Turner,13.65
South Dakota,Union,33.90
South Dakota,Walworth,7.88
South Dakota,Yankton,43.88
South Dakota,Ziebach,1.40
Tennessee,Anderson,226.81
Tennessee,Bedford,103.53
Tennessee,Benton,41.04
Tennessee,Bledsoe,36.30
Tennessee,Blount,235.05
Tennessee,Bradley,324.63
Tennessee,Campbell,82.43
Tennessee,Cannon,54.44
Tennessee,Carroll,46.88
Tennessee,Carter,165.13
Tennessee,Cheatham,133.67
Tennessee,Chester,60.46
Tennessee,Claiborne,73.07
Tennessee,Clay,32.62
Tennessee,Cocke,82.02
Tennessee,Coffee,129.85
Tennessee,Crockett,53.96
Tennessee,Cumberland,87.58
Tennessee,Davidson,1375.68
Tennessee,Decatur,35.06
Tennessee,DeKalb,66.15
Tennessee,Dickson,109.10
Tennessee,Dyer,72.84
Tennessee,Fayette,57.47
Tennessee,Fentress,36.53
Tennessee,Franklin,75.55
Tennessee,Gibson,81.37
Tennessee,Giles,48.29
Tennessee,Grainger,82.49
Tennessee,Greene,111.04
Tennessee,Grundy,37.03
Tennessee,Hamblen,400.58
Tennessee,Hamilton,671.66
Tennessee,Hancock,29.46
Tennessee,Hardeman,37.77
Tennessee,Hardin,44.65
Tennessee,Hawkins,116.07
Tennessee,Haywood,32.52
Tennessee,Henderson,53.55
Tennessee,Henry,57.59
Tennessee,Hickman,40.92
Tennessee,Houston,41.26
Tennessee,Humphreys,34.83
Tennessee,Jackson,38.10
Tennessee,Jefferson,196.36
Tennessee,Johnson,59.57
Tennessee,Knox,915.33
Tennessee,Lake,44.70
Tennessee,Lauderdale,54.72
Tennessee,Lawrence,70.87
Tennessee,Lewis,42.84
Tennessee,Lincoln,59.82
Tennessee,Loudon,231.40
Tennessee,Macon,79.00
Tennessee,Madison,175.18
Tennessee,Marion,57.35
Tennessee,Marshall,89.71
Tennessee,Maury,153.86
Tennessee,McMinn,123.88
Tennessee,McNairy,45.90
Tennessee,Meigs,63.06
Tennessee,Monroe,72.91
Tennessee,Montgomery,381.98
Tennessee,Moore,49.61
Tennessee,Morgan,41.32
Tennessee,Obion,55.55
Tennessee,Overton,50.91
Tennessee,Perry,19.44
Tennessee,Pickett,31.18
Tennessee,Polk,38.88
Tennessee,Putnam,196.56
Tennessee,Rhea,104.78
Tennessee,Roane,147.30
Tennessee,Robertson,149.09
Tennessee,Rutherford,524.63
Tennessee,Scott,41.40
Tennessee,Sequatchie,55.96
Tennessee,Sevier,165.22
Tennessee,Shelby,1225.53
Tennessee,Smith,63.45
Tennessee,Stewart,29.49
Tennessee,Sullivan,381.37
Tennessee,Sumner,353.47
Tennessee,Tipton,134.34
Tennessee,Trousdale,96.31
Tennessee,Unicoi,95.46
Tennessee,Union,88.06
Tennessee,Van Buren,21.08
Tennessee,Warren,94.48
Tennessee,Washington,393.91
Tennessee,Wayne,22.56
Tennessee,Weakley,57.58
Tennessee,White,71.96
Tennessee,Williamson,397.57
Tennessee,Wilson,246.24
Texas,Anderson,54.64
Texas,Andrews,12.08
Texas,Angelina,109.17
Texas,Aransas,94.39
Texas,Archer,9.73
Texas,Armstrong,2.08
Texas,Atascosa,41.25
Texas,Austin,46.39
Texas,Bailey,8.50
Texas,Bandera,28.85
Texas,Bastrop,97.92
Texas,Baylor,4.13
Texas,Bee,37.02
Texas,Bell,338.26
Texas,Bexar,1601.25
Texas,Blanco,16.50
Texas,Borden,0.72
Texas,Bosque,19.01
Texas,Bowie,106.58
Texas,Brazoria,271.55
Texas,Brazos,386.87
Texas,Brewster,1.50
Texas,Briscoe,1.68
Texas,Brooks,7.54
Texas,Brown,40.15
Texas,Burleson,27.90
Texas,Burnet,47.82
Texas,Caldwell,79.32
Texas,Calhoun,42.54
Texas,Callahan,15.56
Texas,Cameron,475.43
Texas,Camp,66.55
Texas,Carson,6.53
Texas,Cass,32.15
Texas,Castro,8.57
Texas,Chambers,71.09
Texas,Cherokee,49.95
Texas,Childress,10.47
Texas,Clay,9.60
Texas,Cochran,3.66
Texas,Coke,3.70
Texas,Coleman,6.65
Texas,Collin,1194.61
Texas,Collingsworth,3.23
Texas,Colorado,22.09
Texas,Comal,265.17
Texas,Comanche,14.43
Texas,Concho,4.35
Texas,Cooke,46.38
Texas,Coryell,71.10
Texas,Cottle,1.54
Texas,Crane,6.11
Texas,Crockett,1.25
Texas,Crosby,6.42
Texas,Culberson,0.58
Texas,Dallam,4.79
Texas,Dallas,3023.65
Texas,Dawson,14.02
Texas,Deaf Smith,12.53
Texas,Delta,20.83
Texas,Denton,976.68
Texas,DeWitt,22.21
Texas,Dickens,2.49
Texas,Dimmit,7.76
Texas,Donley,3.58
Texas,Duval,6.25
Texas,Eastland,19.78
Texas,Ector,180.58
Texas,Edwards,0.91
Texas,El Paso,829.76
Texas,Ellis,191.77
Texas,Erath,39.19
Texas,Falls,22.65
Texas,Fannin,39.61
Texas,Fayette,26.69
Texas,Fisher,4.27
Texas,Floyd,5.88
Texas,Foard,1.70
Texas,Fort Bend,914.24
Texas,Franklin,37.86
Texas,Freestone,22.57
Texas,Frio,17.48
Texas,Gaines,13.91
Texas,Galveston,891.77
Texas,Garza,7.36
Texas,Gillespie,25.33
Texas,Glasscock,1.54
Texas,Goliad,8.90
Texas,Gonzales,19.52
Texas,Gray,23.65
Texas,Grayson,143.64
Texas,Gregg,452.51
Texas,Grimes,36.01
Texas,Guadalupe,230.15
Texas,Hale,33.67
Texas,Hall,3.43
Texas,Hamilton,10.15
Texas,Hansford,5.94
Texas,Hardeman,5.64
Texas,Hardin,64.23
Texas,Harris,2753.93
Texas,Harrison,74.14
Texas,Hartley,3.84
Texas,Haskell,6.44
Texas,Hays,328.35
Texas,Hemphill,4.22
Texas,Henderson,94.19
Texas,Hidalgo,551.27
Texas,Hill,37.91
Texas,Hockley,25.30
Texas,Hood,143.89
Texas,Hopkins,47.97
Texas,Houston,18.82
Texas,Howard,40.47
Texas,Hudspeth,1.05
Texas,Hunt,114.82
Texas,Hutchinson,23.89
Texas,Irion,1.45
Texas,Jack,9.71
Texas,Jackson,17.93
Texas,Jasper,38.22
Texas,Jeff Davis,0.99
Texas,Jefferson,290.97
Texas,Jim Hogg,4.62
Texas,Jim Wells,47.18
Texas,Johnson,236.35
Texas,Jones,21.34
Texas,Karnes,20.94
Texas,Kaufman,164.75
Texas,Kendall,68.90
Texas,Kenedy,0.30
Texas,Kent,0.80
Texas,Kerr,47.50
Texas,Kimble,3.49
Texas,King,0.30
Texas,Kinney,2.77
Texas,Kleberg,35.32
Texas,Knox,4.29
Texas,La Salle,5.07
Texas,Lamar,54.81
Texas,Lamb,12.95
Texas,Lampasas,29.78
Texas,Lavaca,20.74
Texas,Lee,27.26
Texas,Leon,16.09
Texas,Liberty,74.52
Texas,Limestone,25.98
Texas,Lipscomb,3.60
Texas,Live Oak,11.70
Texas,Llano,23.17
Texas,Loving,0.23
Texas,Lubbock,343.25
Texas,Lynn,6.59
Texas,Madison,30.94
Texas,Marion,26.07
Texas,Martin,6.29
Texas,Mason,4.61
Texas,Matagorda,33.44
Texas,Maverick,45.71
Texas,McCulloch,7.50
Texas,McLennan,245.49
Texas,McMullen,0.66
Texas,Medina,38.42
Texas,Menard,2.37
Texas,Midland,191.68
Texas,Milam,24.71
Texas,Mills,6.58
Texas,Mitchell,8.94
Texas,Montague,21.05
Texas,Montgomery,566.95
Texas,Moore,23.88
Texas,Morris,48.97
Texas,Motley,1.25
Texas,Nacogdoches,69.42
Texas,Navarro,49.09
Texas,Newton,14.72
Texas,Nolan,16.17
Texas,Nueces,432.14
Texas,Ochiltree,10.84
Texas,Oldham,1.42
Texas,Orange,250.37
Texas,Palo Pinto,30.31
Texas,Panola,28.53
Texas,Parker,153.11
Texas,Parmer,11.20
Texas,Pecos,3.29
Texas,Polk,47.33
Texas,Potter,131.71
Texas,Presidio,1.80
Texas,Rains,52.99
Texas,Randall,149.43
Texas,Reagan,3.18
Texas,Real,4.97
Texas,Red River,11.66
Texas,Reeves,5.96
Texas,Refugio,9.13
Texas,Roberts,0.98
Texas,Robertson,20.21
Texas,Rockwall,791.89
Texas,Runnels,9.74
Texas,Rusk,58.93
Texas,Sabine,21.54
Texas,San Augustine,15.51
Texas,San Jacinto,50.45
Texas,San Patricio,96.47
Texas,San Saba,5.33
Texas,Schleicher,2.21
Texas,Scurry,18.63
Texas,Shackelford,3.56
Texas,Shelby,31.95
Texas,Sherman,3.34
Texas,Smith,249.84
Texas,Somervell,48.35
Texas,Starr,52.75
Texas,Stephens,10.52
Texas,Sterling,1.42
Texas,Stonewall,1.49
Texas,Sutton,2.58
Texas,Swisher,8.38
Texas,Tarrant,2414.06
Texas,Taylor,150.34
Texas,Terrell,0.35
Texas,Terry,13.82
Texas,Throckmorton,1.66
Texas,Titus,81.35
Texas,Tom Green,77.65
Texas,Travis,1258.52
Texas,Trinity,21.25
Texas,Tyler,23.47
Texas,Upshur,70.77
Texas,Upton,2.96
Texas,Uvalde,17.30
Texas,Val Verde,15.65
Texas,Van Zandt,66.49
Texas,Victoria,104.34
Texas,Walker,92.42
Texas,Waller,103.51
Texas,Ward,14.03
Texas,Washington,58.11
Texas,Webb,82.08
Texas,Wharton,38.32
Texas,Wheeler,5.68
Texas,Wichita,210.43
Texas,Wilbarger,13.20
Texas,Willacy,36.43
Texas,Williamson,506.75
Texas,Wilson,62.49
Texas,Winkler,9.18
Texas,Wise,75.53
Texas,Wood,69.94
Texas,Yoakum,10.74
Texas,Young,19.73
Texas,Zapata,14.21
Texas,Zavala,9.24
Utah,Beaver,2.55
Utah,Box Elder,9.56
Utah,Cache,109.10
Utah,Carbon,13.70
Utah,Daggett,1.41
Utah,Davis,1176.02
Utah,Duchesne,6.17
Utah,Emery,2.24
Utah,Garfield,0.98
Utah,Grand,2.66
Utah,Iron,16.01
Utah,Juab,3.41
Utah,Kane,1.93
Utah,Millard,1.92
Utah,Morgan,19.77
Utah,Piute,1.91
Utah,Rich,2.39
Utah,Salt Lake,1553.27
Utah,San Juan,1.98
Utah,Sanpete,19.26
Utah,Sevier,11.27
Utah,Summit,22.42
Utah,Tooele,10.07
Utah,Uintah,7.91
Utah,Utah,310.47
Utah,Wasatch,28.24
Utah,Washington,70.73
Utah,Wayne,1.09
Utah,Weber,444.86
Vermont,Addison,48.25
Vermont,Bennington,52.79
Vermont,Caledonia,46.69
Vermont,Chittenden,306.70
Vermont,Essex,9.42
Vermont,Franklin,77.94
Vermont,Grand Isle,86.66
Vermont,Lamoille,55.14
Vermont,Orange,42.21
Vermont,Orleans,38.79
Vermont,Rutland,63.10
Vermont,Washington,84.62
Vermont,Windham,54.43
Vermont,Windsor,57.02
Virginia,Accomack,72.14
Virginia,Albemarle,150.90
Virginia,Alexandria city,10752.18
Virginia,Alleghany,33.39
Virginia,Amelia,36.62
Virginia,Amherst,66.81
Virginia,Appomattox,47.40
Virginia,Arlington,9135.42
Virginia,Augusta,78.03
Virginia,Bath,8.11
Virginia,Bedford city,0.00
Virginia,Bedford,103.60
Virginia,Bland,17.60
Virginia,Botetourt,61.48
Virginia,Bristol city,1277.67
Virginia,Brunswick,28.94
Virginia,Buchanan,42.20
Virginia,Buckingham,29.33
Virginia,Buena Vista city,968.48
Virginia,Campbell,109.24
Virginia,Caroline,58.32
Virginia,Carroll,62.43
Virginia,Charles City,37.95
Virginia,Charlotte,25.12
Virginia,Charlottesville city,4694.34
Virginia,Chesapeake city,716.77
Virginia,Chesterfield,822.92
Virginia,Clarke,82.55
Virginia,Colonial Heights city,2371.41
Virginia,Covington city,998.17
Virginia,Craig,15.43
Virginia,Culpeper,136.76
Virginia,Cumberland,32.97
Virginia,Danville city,950.77
Virginia,Dickenson,43.95
Virginia,Dinwiddie,56.62
Virginia,Emporia city,742.17
Virginia,Essex,42.47
Virginia,Fairfax city,3938.14
Virginia,Fairfax,2943.13
Virginia,Falls Church city,7205.85
Virginia,Fauquier,109.06
Virginia,Floyd,41.47
Virginia,Fluvanna,93.28
Virginia,Franklin city,967.75
Virginia,Franklin,81.37
Virginia,Frederick,213.85
Virginia,Fredericksburg city,2788.90
Virginia,Galax city,779.49
Virginia,Giles,47.15
Virginia,Gloucester,171.48
Virginia,Goochland,82.83
Virginia,Grayson,35.38
Virginia,Greene,126.85
Virginia,Greensville,39.38
Virginia,Halifax,41.73
Virginia,Hampton city,2610.05
Virginia,Hanover,229.20
Virginia,Harrisonburg city,3116.09
Virginia,Henrico,1409.03
Virginia,Henry,133.26
Virginia,Highland,5.32
Virginia,Hopewell city,2183.19
Virginia,Isle of Wight,117.06
Virginia,James City,536.61
Virginia,King and Queen,22.34
Virginia,King George,147.94
Virginia,King William,61.84
Virginia,Lancaster,80.89
Virginia,Lee,54.07
Virginia,Lexington city,2854.40
Virginia,Loudoun,788.82
Virginia,Louisa,74.13
Virginia,Lunenburg,28.00
Virginia,Lynchburg city,1677.07
Virginia,Madison,41.46
Virginia,Manassas city,4227.51
Virginia,Manassas Park city,6840.71
Virginia,Martinsville city,1177.19
Virginia,Mathews,102.46
Virginia,Mecklenburg,49.02
Virginia,Middlesex,82.63
Virginia,Montgomery,255.88
Virginia,Nelson,31.52
Virginia,New Kent,106.60
Virginia,Newport News city,2589.16
Virginia,Norfolk city,4581.01
Virginia,Northampton,55.43
Virginia,Northumberland,63.45
Virginia,Norton city,530.48
Virginia,Nottoway,49.05
Virginia,Orange,107.43
Virginia,Page,77.20
Virginia,Patrick,36.59
Virginia,Petersburg city,1389.39
Virginia,Pittsylvania,62.90
Virginia,Poquoson city,792.59
Virginia,Portsmouth city,2841.80
Virginia,Powhatan,112.17
Virginia,Prince Edward,65.58
Virginia,Prince George,143.52
Virginia,Prince William,1393.93
Virginia,Pulaski,106.51
Virginia,Radford city,1894.52
Virginia,Rappahannock,27.23
Virginia,Richmond city,3818.14
Virginia,Richmond,47.20
Virginia,Roanoke city,2349.95
Virginia,Roanoke,375.48
Virginia,Rockbridge,38.14
Virginia,Rockingham,95.60
Virginia,Russell,56.49
Virginia,Salem city,1766.05
Virginia,Scott,40.19
Virginia,Shenandoah,85.61
Virginia,Smyth,67.51
Virginia,Southampton,29.35
Virginia,Spotsylvania,334.34
Virginia,Stafford,557.04
Virginia,Staunton city,1251.10
Virginia,Suffolk city,228.45
Virginia,Surry,23.21
Virginia,Sussex,22.92
Virginia,Tazewell,78.75
Virginia,Virginia Beach city,1839.61
Virginia,Warren,186.47
Virginia,Washington,96.95
Virginia,Waynesboro city,1511.56
Virginia,Westmoreland,77.75
Virginia,Williamsburg city,1666.22
Virginia,Winchester city,3058.54
Virginia,Wise,94.22
Virginia,Wythe,62.25
Virginia,York,648.56
Washington,Adams,10.26
Washington,Asotin,35.55
Washington,Benton,118.74
Washington,Chelan,26.37
Washington,Clallam,44.14
Washington,Clark,766.70
Washington,Columbia,4.67
Washington,Cowlitz,95.50
Washington,Douglas,23.58
Washington,Ferry,3.47
Washington,Franklin,75.99
Washington,Garfield,3.16
Washington,Grant,36.32
Washington,Grays Harbor,38.87
Washington,Island,405.06
Washington,Jefferson,17.59
Washington,King,1055.73
Washington,Kitsap,682.83
Washington,Kittitas,20.62
Washington,Klickitat,11.81
Washington,Lewis,33.13
Washington,Lincoln,4.65
Washington,Mason,68.27
Washington,Okanogan,8.00
Washington,Pacific,23.60
Washington,Pend Oreille,9.71
Washington,Pierce,534.34
Washington,San Juan,98.49
Washington,Skagit,74.10
Washington,Skamania,7.19
Washington,Snohomish,390.56
Washington,Spokane,291.76
Washington,Stevens,18.27
Washington,Thurston,396.43
Washington,Wahkiakum,16.83
Washington,Walla Walla,47.97
Washington,Whatcom,107.07
Washington,Whitman,23.06
Washington,Yakima,58.55
West Virginia,Barbour,48.48
West Virginia,Berkeley,364.70
West Virginia,Boone,43.77
West Virginia,Braxton,27.59
West Virginia,Brooke,248.91
West Virginia,Cabell,331.73
West Virginia,Calhoun,25.98
West Virginia,Clay,25.24
West Virginia,Doddridge,26.29
West Virginia,Fayette,65.02
West Virginia,Gilmer,23.71
West Virginia,Grant,24.35
West Virginia,Greenbrier,34.11
West Virginia,Hampshire,36.46
West Virginia,Hancock,352.18
West Virginia,Hardy,23.66
West Virginia,Harrison,162.39
West Virginia,Jackson,61.82
West Virginia,Jefferson,271.43
West Virginia,Kanawha,200.14
West Virginia,Lewis,41.41
West Virginia,Lincoln,47.13
West Virginia,Logan,71.86
West Virginia,Marion,181.69
West Virginia,Marshall,100.79
West Virginia,Mason,62.02
West Virginia,McDowell,34.16
West Virginia,Mercer,141.14
West Virginia,Mineral,82.17
West Virginia,Mingo,56.21
West Virginia,Monongalia,295.54
West Virginia,Monroe,28.09
West Virginia,Morgan,77.65
West Virginia,Nicholas,38.40
West Virginia,Ohio,394.55
West Virginia,Pendleton,10.05
West Virginia,Pleasants,57.69
West Virginia,Pocahontas,8.95
West Virginia,Preston,52.16
West Virginia,Putnam,163.97
West Virginia,Raleigh,122.66
West Virginia,Randolph,27.72
West Virginia,Ritchie,21.51
West Virginia,Roane,28.81
West Virginia,Summers,35.39
West Virginia,Taylor,97.60
West Virginia,Tucker,16.60
West Virginia,Tyler,34.12
West Virginia,Upshur,68.84
West Virginia,Wayne,78.94
West Virginia,Webster,14.97
West Virginia,Wetzel,42.65
West Virginia,Wirt,25.07
West Virginia,Wood,229.74
West Virginia,Wyoming,41.62
Wisconsin,Adams,31.52
Wisconsin,Ashland,14.93
Wisconsin,Barron,52.33
Wisconsin,Bayfield,10.18
Wisconsin,Brown,496.86
Wisconsin,Buffalo,19.42
Wisconsin,Burnett,18.74
Wisconsin,Calumet,157.59
Wisconsin,Chippewa,63.60
Wisconsin,Clark,28.69
Wisconsin,Columbia,74.92
Wisconsin,Crawford,28.55
Wisconsin,Dane,453.30
Wisconsin,Dodge,100.32
Wisconsin,Door,57.29
Wisconsin,Douglas,33.13
Wisconsin,Dunn,53.09
Wisconsin,Eau Claire,163.87
Wisconsin,Florence,8.85
Wisconsin,Fond du Lac,143.23
Wisconsin,Forest,8.86
Wisconsin,Grant,44.95
Wisconsin,Green,63.23
Wisconsin,Green Lake,54.12
Wisconsin,Iowa,31.17
Wisconsin,Iron,7.49
Wisconsin,Jackson,20.73
Wisconsin,Jefferson,152.97
Wisconsin,Juneau,34.70
Wisconsin,Kenosha,622.73
Wisconsin,Kewaunee,59.52
Wisconsin,La Crosse,261.70
Wisconsin,Lafayette,26.30
Wisconsin,Langlade,22.13
Wisconsin,Lincoln,31.51
Wisconsin,Manitowoc,134.18
Wisconsin,Marathon,87.65
Wisconsin,Marinette,28.89
Wisconsin,Marquette,33.87
Wisconsin,Menominee,13.03
Wisconsin,Milwaukee,3926.62
Wisconsin,Monroe,51.12
Wisconsin,Oconto,37.93
Wisconsin,Oneida,31.84
Wisconsin,Outagamie,293.87
Wisconsin,Ozaukee,382.57
Wisconsin,Pepin,31.42
Wisconsin,Pierce,74.14
Wisconsin,Polk,47.68
Wisconsin,Portage,88.58
Wisconsin,Price,10.68
Wisconsin,Racine,591.07
Wisconsin,Richland,29.65
Wisconsin,Rock,227.15
Wisconsin,Rusk,15.49
Wisconsin,Sauk,77.27
Wisconsin,Sawyer,13.11
Wisconsin,Shawano,45.67
Wisconsin,Sheboygan,225.71
Wisconsin,St. Croix,124.15
Wisconsin,Taylor,20.93
Wisconsin,Trempealeau,40.17
Wisconsin,Vernon,38.89
Wisconsin,Vilas,25.58
Wisconsin,Walworth,186.74
Wisconsin,Washburn,19.92
Wisconsin,Washington,315.10
Wisconsin,Waukesha,733.23
Wisconsin,Waupaca,68.38
Wisconsin,Waushara,38.75
Wisconsin,Winnebago,393.42
Wisconsin,Wood,92.12
Wyoming,Albany,9.03
Wyoming,Big Horn,3.79
Wyoming,Campbell,9.61
Wyoming,Carbon,1.90
Wyoming,Converse,3.21
Wyoming,Crook,2.61
Wyoming,Fremont,4.30
Wyoming,Goshen,6.01
Wyoming,Hot Springs,2.27
Wyoming,Johnson,2.04
Wyoming,Laramie,36.85
Wyoming,Lincoln,4.77
Wyoming,Natrona,14.81
Wyoming,Niobrara,0.91
Wyoming,Park,4.23
Wyoming,Platte,4.12
Wyoming,Sheridan,11.98
Wyoming,Sublette,2.01
Wyoming,Sweetwater,4.13
Wyoming,Teton,5.77
Wyoming,Uinta,9.75
Wyoming,Washakie,3.52
Wyoming,Weston,2.91
